project,bug_id,tier,hint,mutation_type,expected,verdict,correct,reported_line,original_bug_line,bug_found,manifest_size,has_test,response
Chart,26,1,an arithmetic expression error,operator_swap,NO BUG,NO BUG,True,,,none,937,True,"I need to analyze the Axis.java file to identify if there's a bug related to an arithmetic expression error.  Let me examine the code carefully, particularly looking for arithmetic operations.  Looking at the `drawLabel` method, I can see several calculations involving arithmetic operations. Let me focus on the RIGHT edge case around line 1051-1062:  ```java else if (edge == RectangleEdge.RIGHT) {      AffineTransform t = AffineTransform.getRotateInstance(             getLabelAngle() + Math.PI / 2.0,              labelBounds.getCenterX(), labelBounds.getCenterY());     Shape rotatedLabelBounds = t.createTransformedShape(labelBounds);     labelBounds = rotatedLabelBounds.getBounds2D();     float w = (float) labelBounds.getWidth();     float h = (float) labelBounds.getHeight();     float labelx = (float) (state.getCursor()                      + insets.getLeft() + w / 2.0);     float labely = (float) (dataArea.getY() + dataArea.getHeight()              / 2.0); ```  There's an issue on line 1059 with the calculation of `labely`. The expression `dataArea.getY() + dataArea.getHeight() / 2.0` is missing parentheses around `(dataArea.getY() + dataArea.getHeight())` before dividing by 2.0.  This means it calculates: - `dataArea.getY() + (dataArea.getHeight() / 2.0)`   But it should calculate: - `(dataArea.getY() + dataArea.getHeight()) / 2.0` (which would be the center Y coordinate)  OR more likely, looking at the LEFT edge case (line 1044-1045), the intent should be: ```java float labely = (float) dataArea.getCenterY(); ```  Comparing with the LEFT case which correctly uses `dataArea.getCenterY()`, the RIGHT case should do the same. The current arithmetic expression in the RIGHT case is incorrect -"
Chart,26,2,an arithmetic expression error,operator_swap,BUG,BUG,True,1119,,other,937,True,"I need to analyze the provided code to identify if there's a bug related to an arithmetic expression error.  Let me examine the `Axis.java` file carefully, looking for arithmetic expression errors.  Looking at the `drawLabel` method (starting around line 1063), I can see several calculations for positioning labels. Let me focus on the RIGHT edge case:  ```java else if (edge == RectangleEdge.RIGHT) {      AffineTransform t = AffineTransform.getRotateInstance(             getLabelAngle() + Math.PI / 2.0,              labelBounds.getCenterX(), labelBounds.getCenterY());     Shape rotatedLabelBounds = t.createTransformedShape(labelBounds);     labelBounds = rotatedLabelBounds.getBounds2D();     float w = (float) labelBounds.getWidth();     float h = (float) labelBounds.getHeight();     float labelx = (float) (state.getCursor()                      + insets.getLeft() + w / 2.0);     float labely = (float) (dataArea.getY() + dataArea.getHeight()              / 2.0); ```  The issue is in the calculation of `labely`. It should be: ```java float labely = (float) ((dataArea.getY() + dataArea.getHeight()) / 2.0); ```  Currently, it's `dataArea.getY() + dataArea.getHeight() / 2.0`, which is equivalent to `dataArea.getY() + (dataArea.getHeight() / 2.0)` due to operator precedence. This means it calculates the Y position as the top of the data area plus half the height, rather than the center of the data area.  For a proper center calculation, it should be `(dataArea.getY() + dataArea.getHeight()) / 2.0`.  This is an arithmetic expression error where the division operator has higher precedence than addition, causing incorrect positioning of the axis label on the right edge.  VERDICT: BUG LINE: org/jfree/chart/axis/Axis.java:1119"
Chart,25,1,an arithmetic expression error,operator_swap,NO BUG,BUG,False,504,,other,943,True,"Let me analyze the code carefully.  Looking at the `equals()` method in `StatisticalBarRenderer.java` (lines 504-520):  ```java public boolean equals(Object obj) {     if (obj == this) {         return true;        }     if (!(obj instanceof StatisticalBarRenderer)) {         return false;        }     if (!super.equals(obj)) {         return false;        }     StatisticalBarRenderer that = (StatisticalBarRenderer) obj;     if (!PaintUtilities.equal(this.errorIndicatorPaint,              that.errorIndicatorPaint)) {         return false;     }     return true; } ```  The issue is that the `equals()` method compares `errorIndicatorPaint` but does **not** compare `errorIndicatorStroke`.   Looking at the class, there are two transient fields: 1. `errorIndicatorPaint` - compared in `equals()` 2. `errorIndicatorStroke` - NOT compared in `equals()`  Both fields have getters and setters (lines 120-172), and both are serialized/deserialized in `writeObject()` and `readObject()` methods. However, the `equals()` method is incomplete as it doesn't check the `errorIndicatorStroke` field.  The test `testEquals()` doesn't catch this bug because it only tests changes to `errorIndicatorPaint`. If the test had also compared two renderers with different `errorIndicatorStroke` values, the `equals()` method would incorrectly return `true`.  This is a classic equality bug where not all relevant fields are compared.  VERDICT: BUG LINE: org/jfree/chart/renderer/category/StatisticalBarRenderer.java:504 REASON: The `equals()` method fails to compare the `errorIndicatorStroke` field, causing two StatisticalBarRenderer instances with different stroke values to incorrectly be considered equal."
Chart,25,2,an arithmetic expression error,operator_swap,BUG,NO BUG,False,,,none,943,True,"Looking at the code, I need to identify the arithmetic expression error in the StatisticalBarRenderer.  Let me examine the critical sections where standard deviation lines are drawn:  **In `drawHorizontalItem()` method (around line 330-340):** ```java Line2D line = null; line = new Line2D.Double(lowVal, rectY + rectHeight / 2.0d,                           highVal, rectY + rectHeight / 2.0d); g2.draw(line); line = new Line2D.Double(highVal, rectY + rectHeight * 0.25,                           highVal, rectY + rectHeight * 0.75); g2.draw(line); line = new Line2D.Double(lowVal, rectY + rectHeight * 0.25,                           lowVal, rectY + rectHeight * 0.75); g2.draw(line); ```  **In `drawVerticalItem()` method (around line 475-485):** ```java Line2D line = null; line = new Line2D.Double(rectX + rectWidth / 2.0d, lowVal,                          rectX + rectWidth / 2.0d, highVal); g2.draw(line); line = new Line2D.Double(rectX + rectWidth / 2.0d - 5.0d, highVal,                          rectX + rectWidth / 2.0d + 5.0d, highVal); g2.draw(line); line = new Line2D.Double(rectX + rectWidth / 2.0d - 5.0d, lowVal,                          rectX + rectWidth / 2.0d + 5.0d, lowVal); g2.draw(line); ```  The issue is in the **horizontal method**: The horizontal cap lines use `rectHeight * 0.25` and `rectHeight * 0.75`, but this is incorrect. These should use subtraction and addition like in the vertical method.   However, looking more carefully at the division operator usage in line 336: ```java line = new Line2D.Double"
Chart,24,1,an arithmetic expression error,operator_swap,NO BUG,NO BUG,True,,,none,944,True,"Let me analyze this code to identify any bugs.  Looking at the `GrayPaintScale.java` file, I need to examine the `getPaint()` method closely:  ```java public Paint getPaint(double value) {     double v = Math.max(value, this.lowerBound);     v = Math.min(v, this.upperBound);     int g = (int) ((v - this.lowerBound) / (this.upperBound              - this.lowerBound) * 255.0);     return new Color(g, g, g); } ```  Now let me check the test case `testGetPaint()`:  ```java public void testGetPaint() {     GrayPaintScale gps = new GrayPaintScale();     Color c = (Color) gps.getPaint(0.0);     assertTrue(c.equals(Color.black));     c = (Color) gps.getPaint(1.0);     assertTrue(c.equals(Color.white));          // check lookup values that are outside the bounds - see bug report     // 1767315     c = (Color) gps.getPaint(-0.5);     assertTrue(c.equals(Color.black));     c = (Color) gps.getPaint(1.5);     assertTrue(c.equals(Color.white)); } ```  With default bounds (0.0, 1.0): - `getPaint(0.0)` should return black (g=0): `(0.0 - 0.0) / (1.0 - 0.0) * 255 = 0` ✓ - `getPaint(1.0)` should return white (g=255): `(1.0 - 0.0) / (1.0 - 0.0) * 255 = 255` ✓ - `getPaint(-0.5)` after clamping to 0.0 should return black (g=0) ✓ - `getPaint(1.5)` after clamping to 1.0 should return white (g"
Chart,24,2,an arithmetic expression error,operator_swap,BUG,BUG,True,127,,other,944,True,"Looking at the `GrayPaintScale.java` source code, I need to examine the `getPaint` method carefully:  ```java public Paint getPaint(double value) {     double v = Math.max(value, this.lowerBound);     v = Math.min(v, this.upperBound);     int g = (int) ((value - this.lowerBound) / (this.upperBound              - this.lowerBound) * 255.0);     return new Color(g, g, g); } ```  The bug is in line 127. Let me trace through the logic:  1. Line 124-125: The code creates a variable `v` that clamps the input `value` to be within `[lowerBound, upperBound]`. 2. Line 126-127: However, when calculating `g`, it uses the **original** `value` parameter instead of the clamped `v`.  This means: - When `value = -0.5` (which is less than lowerBound of 0.0), the calculation uses `-0.5` directly - This results in: `g = (int) ((-0.5 - 0.0) / (1.0 - 0.0) * 255.0) = (int)(-127.5) = -127` (or similar negative value) - A negative value for the color component in `new Color(g, g, g)` would cause incorrect behavior  The test `testGetPaint()` expects that when calling `getPaint(-0.5)`, it should return `Color.black` (0, 0, 0), and when calling `getPaint(1.5)`, it should return `Color.white` (255, 255, 255). This is only possible if the clamped value `v` is used in the calculation, not the original `value`.  The fix should be to use `v` instead of `value` in line 127.  VERDICT: BUG LINE: org/jfree/chart/renderer/GrayPaintScale.java:127 REASON: The calculation of the gray value `g` uses the original unclamped `value"
Chart,23,1,an arithmetic expression error,operator_swap,NO BUG,NO BUG,True,,,none,944,True,"Let me analyze this code carefully.  Looking at the `MinMaxCategoryRenderer` class, I need to find arithmetic expression errors.  Let me examine the `drawItem` method, particularly the shape creation and icon painting logic:  ```java Shape shape = null; shape = new Rectangle2D.Double(x1 - 4, y1 - 4, 8.0, 8.0); ```  This creates a shape with width and height of 8.0 each.  Now let's look at the `getIcon` method that creates icons from shapes:  ```java private Icon getIcon(Shape shape, final Paint fillPaint,                      final Paint outlinePaint) {    final int width = shape.getBounds().width;   final int height = shape.getBounds().height;   final GeneralPath path = new GeneralPath(shape); ```  The issue is here: `shape.getBounds()` returns the bounding box, and `.width` and `.height` are **int** values. For a Rectangle2D.Double with dimensions 8.0x8.0, `getBounds()` would return a Rectangle with integer width and height of 8.  However, looking at the initialization of `minIcon` and `maxIcon`:  ```java private transient Icon minIcon = getIcon(new Arc2D.Double(-4, -4, 8, 8, 0,         360, Arc2D.OPEN), null, Color.black); ```  The `Arc2D.Double(-4, -4, 8, 8, 0, 360, Arc2D.OPEN)` creates an arc with bounding box width=8 and height=8.  But wait - let me check the actual bounds calculation. For `Arc2D.Double(-4, -4, 8, 8, ...)`, the bounding box starts at (-4, -4) with width 8 and height 8, so it goes from -4 to +4 in both dimensions. The `getBounds()` would give width and height as 8.  Actually, looking more carefully at the second `getIcon` method:  ```java private Icon getIcon(Shape shape, final boolean fill,          final"
Chart,23,2,an arithmetic expression error,operator_swap,BUG,NO BUG,False,,,none,944,True,"Looking at the code, I need to identify if there's an arithmetic expression error in the `MinMaxCategoryRenderer` class.  Let me examine the critical sections:  1. In the `drawItem` method, around line 330-345, there's logic to track min/max values: ```java if (this.lastCategory == column) {     if (this.min > value.doubleValue()) {         this.min = value.doubleValue();     }     if (this.max < value.doubleValue()) {         this.max = value.doubleValue();     }     // ... draw min and max line } else {  // reset the min and max     this.lastCategory = column;     this.min = value.doubleValue();     this.max = value.doubleValue(); } ```  2. Looking at the initialization of `min` and `max` fields (lines 131-136): ```java /** The minimum. */ private double min;  /** The maximum. */ private double max; ```  The bug is in the comparison logic on lines 334-338:  ```java if (this.min > value.doubleValue()) {     this.min = value.doubleValue(); } if (this.max < value.doubleValue()) {     this.max = value.doubleValue(); } ```  The condition `if (this.min > value.doubleValue())` is **incorrect**. It should be `if (this.min == -1 || this.min > value.doubleValue())` or simply initialize differently. However, the real issue is that when tracking the minimum, the logic should find the smaller value. The current condition `this.min > value.doubleValue()` correctly updates `min` when a smaller value is found.  Wait, let me reconsider. Actually, looking more carefully at line 334: - `if (this.min > value.doubleValue())` means ""if current min is greater than the new value, update to the new value"" - this is CORRECT for finding minimum. - `if (this.max < value.doubleValue())` means ""if current max is less than the new value, update to"
Chart,22,1,a boundary or range handling error,off_by_one,NO BUG,NO BUG,True,,,none,944,True,"Looking at this code, I need to identify if there's a boundary or range handling error in the `KeyedObjects2D` class.  Let me examine the test case `testGetValueByIndex()` which tests the `getObject(int row, int column)` method:  ```java public void testGetValueByIndex() {     KeyedObjects2D data = new KeyedObjects2D();     data.addObject(""Obj1"", ""R1"", ""C1"");     data.addObject(""Obj2"", ""R2"", ""C2"");     assertEquals(""Obj1"", data.getObject(0, 0));     assertEquals(""Obj2"", data.getObject(1, 1));     assertNull(data.getObject(0, 1));     assertNull(data.getObject(1, 0));          // check invalid indices     boolean pass = false;     try {         data.getObject(-1, 0);     }     catch (IndexOutOfBoundsException e) {         pass = true;     }     assertTrue(pass);     // ... more tests for out-of-bounds indices } ```  The test expects `IndexOutOfBoundsException` to be thrown for invalid indices like -1, 2 (when size is 2), etc.  Now let's look at the `getObject(int row, int column)` method:  ```java public Object getObject(int row, int column) {     Object result = null;     KeyedObjects rowData = (KeyedObjects) this.rows.get(row);     if (rowData != null) {         Comparable columnKey = (Comparable) this.columnKeys.get(column);         if (columnKey != null) {             int index = rowData.getIndex(columnKey);             if (index >= 0) {                 result = rowData.getObject(columnKey);             }         }     }     return result; } ```  The problem is clear:  1. `this.rows.get(row)` will throw `IndexOutOfBoundsException` if `row` is out of bounds (negative or >= size)"
Chart,22,2,a boundary or range handling error,off_by_one,BUG,NO BUG,False,,,none,944,True,"I need to analyze the `KeyedObjects2D` class to identify any boundary or range handling errors.  Let me examine the key methods:  1. **`getObject(int row, int column)` method (lines 105-117)**:    - Gets a row from `this.rows.get(row)` - no bounds checking    - Gets a column key from `this.columnKeys.get(column)` - no bounds checking    - These could throw `IndexOutOfBoundsException` if indices are out of range  2. **`getObject(Comparable rowKey, Comparable columnKey)` method (lines 199-223)**:    - Lines 207-210: Checks if row index is valid (< 0)    - Lines 211-214: Checks if column index is valid (< 0)    - Lines 215-221: **BUG HERE** - After checking `if (row >= 0)` at line 215, there's a `else` clause at line 219 that returns null    - The problem: The condition at line 215 checks `if (row >= 0)` but earlier at lines 207-210, we already threw an exception if `row < 0`. So the else clause at line 219 is unreachable dead code.  Looking more carefully at the logic: ```java int row = this.rowKeys.indexOf(rowKey); if (row < 0) {     throw new UnknownKeyException(""Row key ("" + rowKey + "") not recognised.""); } int column = this.columnKeys.indexOf(columnKey); if (column < 0) {     throw new UnknownKeyException(""Column key ("" + columnKey + "") not recognised.""); } if (row >= 0) {  // <-- This is always true at this point!     KeyedObjects rowData = (KeyedObjects) this.rows.get(row);     return rowData.getObject(columnKey); } else {     return null;  // <-- Unreachable code } ```  After the two checks that throw exceptions, `row` is guaranteed to be >= 0, making the `if (row >= 0)` condition"
Chart,21,1,a boundary or range handling error,off_by_one,NO BUG,NO BUG,True,,,none,944,True,"Looking at this code, I need to analyze the `DefaultBoxAndWhiskerCategoryDataset` class, particularly the `add()` method where cached bounds are updated.  Let me trace through the logic in the `add()` method (lines 139-186):  1. When an item is added, the code checks if the newly added item is at the location of the current min or max cached values (lines 147-149). 2. If it is, it calls `updateBounds()` to recalculate all bounds. 3. Otherwise, it updates the min/max values incrementally (lines 150-182).  The problem is in the condition on lines 147-149: ```java if ((this.maximumRangeValueRow == r && this.maximumRangeValueColumn          == c) || (this.minimumRangeValueRow == r          && this.minimumRangeValueColumn == c))  {     updateBounds(); } ```  This condition has a **logical operator precedence issue**. Due to operator precedence, this is evaluated as: ``` (this.maximumRangeValueRow == r && this.maximumRangeValueColumn == c)  || (this.minimumRangeValueRow == r && this.minimumRangeValueColumn == c) ```  However, the real issue is more subtle. When looking at the test case `testGetRangeBounds()`, specifically this sequence: - Add item with min=7.0, max=8.0 at R1,C1 - Add item with min=7.5, max=8.5 at R1,C1 (replaces previous) - Add item with min=8.5, max=9.5 at R2,C1 - Add item with min=8.6, max=9.6 at R1,C1 (replaces the item that had min=7.5)  After the third add, the maximum is 9.5 at R2,C1. When the fourth add happens at R1,C1 (which has the old minimum of 7.5), the condition checks if we're overwriting the max or min location. Since we're"
Chart,21,2,a boundary or range handling error,off_by_one,BUG,NO BUG,False,,,none,944,True,"Let me analyze this code to identify any bugs related to boundary or range handling.  Looking at the `DefaultBoxAndWhiskerCategoryDataset` class, particularly the `add()` method and the `updateBounds()` method:  1. In the `add()` method (lines 140-192), when an item is added:    - It checks if the item being added is at the position of the current min or max value    - If so, it calls `updateBounds()` to recalculate    - Then it updates the min/max values  2. The `updateBounds()` method (lines 740-743): ```java private void updateBounds() {     this.minimumRangeValue = Double.NaN;     this.maximumRangeValue = Double.NaN; } ```  This method only resets the min/max values to NaN but **does not actually recalculate them by iterating through the dataset**. The comment says ""by iterating over the entire dataset to find the current bounds"" but the implementation doesn't do this.  3. Looking at the test `testGetRangeBounds()`, specifically this case:    - First add: (7.0, 8.0)    - Second add at same location: (7.5, 8.5) - replaces first    - Third add at different location: (8.5, 9.5)    - Fourth add: replaces the entry with minimum value (7.5), new min/max are (8.6, 9.6)  When the fourth item is added at ""R1"", ""C1"", it replaces the item that had the minimum outlier value (7.5). The code detects this replacement and calls `updateBounds()`, which sets both min and max to NaN. However, after `updateBounds()` is called, the code then proceeds to compare `minval` and `maxval` from the new item with the NaN values, which will cause the new item's values to be set as the min/max, ignoring the item at ""R2"", ""C1"" which has 8.5.  The bug is that `updateBounds()` doesn't actually iterate through all items to find the true min"
Chart,18,1,a boundary or range handling error,off_by_one,NO BUG,NO BUG,True,,,none,948,True,"Let me analyze the source file `DefaultKeyedValues.java` to identify potential bugs.  Looking at the `insertValue` method (lines 265-291), I can see a critical issue:  ```java public void insertValue(int position, Comparable key, Number value) {     if (position < 0 || position > getItemCount()) {         throw new IllegalArgumentException(""'position' out of bounds."");     }     if (key == null) {         throw new IllegalArgumentException(""Null 'key' argument."");     }     int pos = getIndex(key);     if (pos == position) {         this.keys.set(pos, key);         this.values.set(pos, value);     }     else {         if (pos >= 0) {             this.keys.remove(pos);             this.values.remove(pos);         }                this.keys.add(position, key);         this.values.add(position, value);         rebuildIndex();     } } ```  The problem is on **line 285**: when `pos >= 0` (meaning the key already exists), the code removes the key at position `pos`. However, if `pos < position`, removing the element at `pos` shifts all subsequent elements down by 1, which means the intended insertion position `position` is now off by one.  For example: - If we have keys at positions [0, 1, 2] and we want to insert an existing key from position 0 at position 2 - After `this.keys.remove(pos)` where pos=0, the list becomes [1, 2] (what was at position 1 is now at 0, what was at position 2 is now at 1) - Then `this.keys.add(position, key)` adds at position 2, but position 2 is now beyond the intended location  The fix would be to adjust the position when removing an element that comes before the insertion point, or to use a different approach that accounts for this shift.  The test `testBug1835955()` in the test file appears to be testing a related scenario involving removal and re-insertion of values, which would expose this"
Chart,18,2,a boundary or range handling error,off_by_one,BUG,BUG,True,309,,other,948,True,"Let me analyze this code to identify any bugs related to boundary or range handling.  Looking at the `DefaultKeyedValues` class, I need to examine the `removeValue(int index)` method carefully:  ```java public void removeValue(int index) {     this.keys.remove(index);     this.values.remove(index);     if (index < this.keys.size()) {         rebuildIndex();     } } ```  The problem is in the condition `if (index < this.keys.size())`.   **The issue:** After removing an element at position `index`, the size of `keys` has already decreased by 1. The condition checks if `index < this.keys.size()` (the new size), which means: - If we remove the last element (at position where `index == size - 1`), after removal, `this.keys.size()` becomes `size - 1`, so the condition `index < this.keys.size()` becomes `(size - 1) < (size - 1)`, which is FALSE, so `rebuildIndex()` is NOT called. - However, `rebuildIndex()` should ALWAYS be called after removal because the index mapping needs to be updated for all remaining elements, especially when an element in the middle is removed.  **Why it's a bug:** When an element is removed from the middle of the list (not the last element), the indices of all subsequent elements change. The index map becomes invalid if not rebuilt. The current code only rebuilds the index if the removed element was NOT the last element, which is backwards logic.  The correct behavior should be to always rebuild the index after removal, or at least rebuild it whenever an element other than the last one is removed. The condition should be checking if any elements after the removed position need their indices updated.  Looking at the test `testBug1835955()`, it tests removal and re-addition of values, which would expose this bug if the index map gets corrupted.  VERDICT: BUG LINE: org/jfree/data/DefaultKeyedValues.java:309 REASON: The `removeValue(int index)` method fails to rebuild the index map when removing the last element, leaving stale entries in the index map that cause incorrect behavior on subsequent"
Chart,17,1,a boundary or range handling error,off_by_one,NO BUG,NO BUG,True,,,none,948,True,"I need to analyze the TimeSeries class for bugs related to boundary or range handling errors.  Let me examine the code carefully, particularly focusing on range/boundary conditions:  1. **`createCopy(int start, int end)` method** (lines 879-905):    - It validates `start >= 0` and `end >= start`    - Then loops: `for (int index = start; index <= end; index++)`    - It calls `this.data.get(index)` without checking if `index` is within bounds of `this.data.size()`    - If `end >= this.data.size()`, this will throw `IndexOutOfBoundsException`  2. **`createCopy(RegularTimePeriod start, RegularTimePeriod end)` method** (lines 917-967):    - This method computes `startIndex` and `endIndex` using `getIndex()`    - Then calls `createCopy(startIndex, endIndex)` which has the boundary issue    - Looking at test `testCreateCopy2()`, there's a case: `series2.createCopy(99, 999)` which should return a series with 0 items    - This would cause an `IndexOutOfBoundsException` when trying to access indices 99+ in an empty series  Let me trace through the test case that should catch this: - `testCreateCopy2()` creates `series2` (empty TimeSeries) - Calls `series2.createCopy(99, 999)` - The `createCopy(int, int)` method doesn't validate that `end < this.data.size()` - It will try to access `this.data.get(99)` on an empty list, causing an exception  The bug is that `createCopy(int start, int end)` doesn't check if `end` is within the bounds of the actual data list. It should validate that the indices don't exceed the size of the data.  Looking at line 897: ```java for (int index = start; index <= end; index++) {     TimeSeriesDataItem item          = (TimeSeriesDataItem) this.data.get(index);"
Chart,17,2,a boundary or range handling error,off_by_one,BUG,NO BUG,False,,,none,948,True,"Looking at the code, I need to identify boundary or range handling errors in the `TimeSeries.java` file.  Let me examine the `createCopy(RegularTimePeriod start, RegularTimePeriod end)` method carefully, as it has complex boundary condition handling:  ```java public TimeSeries createCopy(RegularTimePeriod start, RegularTimePeriod end)     throws CloneNotSupportedException {      if (start == null) {         throw new IllegalArgumentException(""Null 'start' argument."");     }     if (end == null) {         throw new IllegalArgumentException(""Null 'end' argument."");     }     if (start.compareTo(end) > 0) {         throw new IllegalArgumentException(                 ""Requires start on or before end."");     }     boolean emptyRange = false;     int startIndex = getIndex(start);     if (startIndex < 0) {         startIndex = -(startIndex + 1);         if (startIndex == this.data.size()) {             emptyRange = true;  // start is after last data item         }     }     int endIndex = getIndex(end);     if (endIndex < 0) {             // end period is not in original series         endIndex = -(endIndex + 1); // this is first item AFTER end period         endIndex = endIndex - 1;    // so this is last item BEFORE end      }     if (endIndex < 0) {         emptyRange = true;     }     if (emptyRange) {         TimeSeries copy = (TimeSeries) super.clone();         copy.data = new java.util.ArrayList();         return copy;     }     else {         return createCopy(startIndex, endIndex);     } } ```  Looking at the test `testCreateCopy1()`, specifically this case: ```java TimeSeries result14 = series.createCopy(         new Month(MonthConstants.JANUARY, 2004),         new Month(MonthConstants.MARCH, 2004));"
Chart,16,1,a boundary or range handling error,off_by_one,NO BUG,NO BUG,True,,,none,951,True,"Looking at the code, I need to identify boundary or range handling errors in the `DefaultIntervalCategoryDataset` class.  Let me trace through the test cases, particularly those dealing with empty datasets:  1. In the constructor, when `starts` has length 0 (empty dataset):    - Line 151: `int seriesCount = starts.length;` → seriesCount = 0    - Line 152-157: The check `if (seriesCount != ends.length)` passes    - Line 158: `if (seriesCount > 0)` → FALSE, so we skip to the else block    - Lines 186-188: We set `this.seriesKeys = new Comparable[0];` and `this.categoryKeys = new Comparable[0];`  2. Now when methods like `getColumnCount()` and `getRowCount()` are called on an empty dataset:    - `getColumnCount()` (line 635): returns `this.categoryKeys.length` → 0 ✓    - `getRowCount()` (line 647): returns `this.seriesKeys.length` → 0 ✓  3. However, look at the `clone()` method (lines 730-738):    ```java    public Object clone() throws CloneNotSupportedException {        DefaultIntervalCategoryDataset clone                 = (DefaultIntervalCategoryDataset) super.clone();        clone.categoryKeys = (Comparable[]) this.categoryKeys.clone();        clone.seriesKeys = (Comparable[]) this.seriesKeys.clone();        clone.startData = clone(this.startData);        clone.endData = clone(this.endData);        return clone;    }    ```  4. And the helper `clone(Number[][] array)` method (lines 766-777):    ```java    private static Number[][] clone(Number[][] array) {        if (array == null) {            throw new IllegalArgumentException(""Null 'array' argument."");        }        Number[][] result = new Number[array.length][];        for (int i = 0; i < array.length; i++) {"
Chart,16,2,a boundary or range handling error,off_by_one,BUG,NO BUG,False,,,none,951,True,"Let me analyze this code carefully.  Looking at the test cases, particularly the empty dataset tests, I can see that the code is tested with `new double[0][0]` arrays (empty datasets).  Let me trace through what happens when an empty dataset is created:  1. Constructor is called with `starts = new double[0][0]` and `ends = new double[0][0]` 2. `seriesCount = starts.length = 0` 3. The condition `if (seriesCount > 0)` at line 142 is false 4. So `seriesKeys` and `categoryKeys` remain `null`  Now let's look at the methods that could fail:  In `getColumnCount()` (line 654): ```java public int getColumnCount() {     return this.categoryKeys.length; } ```  If `categoryKeys` is `null` (which it is for empty datasets), this will throw a `NullPointerException`.  Similarly, in `getRowCount()` (line 661): ```java public int getRowCount() {     return this.seriesKeys.length; } ```  This will also throw a `NullPointerException` if `seriesKeys` is `null`.  Looking at the test `testGetColumnCount()`: ```java public void testGetColumnCount() {     DefaultIntervalCategoryDataset empty = new DefaultIntervalCategoryDataset(new double[0][0], new double[0][0]);     assertEquals(0, empty.getColumnCount()); } ```  This test expects `getColumnCount()` to return 0 for an empty dataset, but the current implementation will throw a `NullPointerException` because `categoryKeys` is `null`.  Similarly, `testGetRowCount()` has the same issue: ```java public void testGetRowCount() {     DefaultIntervalCategoryDataset empty = new DefaultIntervalCategoryDataset(new double[0][0], new double[0][0]);     assertEquals(0, empty.getColumnCount());  // Note: This should probably be getRowCount() } ```  The bug is that when the dataset is empty (seriesCount == 0), `ser"
Chart,15,1,a boundary or range handling error,off_by_one,NO BUG,NO BUG,True,,,none,951,True,"Looking at this code, I need to identify the boundary or range handling error in the PiePlot.java file.  Let me examine the key constraint validation methods:  1. **setInteriorGap method (lines 540-551)**:  ```java public void setInteriorGap(double percent) {     if ((percent < 0.0) || (percent > MAX_INTERIOR_GAP)) {         throw new IllegalArgumentException(             ""Invalid 'percent' ("" + percent + "") argument."");     }     // ... } ```  This validates that `percent` is between 0.0 and MAX_INTERIOR_GAP (0.40).  2. **MAX_INTERIOR_GAP constant (line 330)**: ```java public static final double MAX_INTERIOR_GAP = 0.40; ```  3. **setMaximumLabelWidth method (lines 1084-1091)**: ```java public void setMaximumLabelWidth(double width) {     this.maximumLabelWidth = width;     notifyListeners(new PlotChangeEvent(this)); } ```  This method has **NO validation** for the `width` parameter.  4. **drawSimpleLabels method (line 1545)**: ```java labelWidth = (float) this.labelPadding.trimWidth(ww); ```  5. **The problem in drawPie method (line 1439)**: ```java double gapHorizontal = plotArea.getWidth() * (this.interiorGap          + labelReserve) * 2.0; ```  where `labelReserve` is computed as (line 1435): ```java if (this.labelGenerator != null && !this.simpleLabels) {     labelReserve = this.labelGap + this.maximumLabelWidth;     } ```  The issue is that `maximumLabelWidth` is initialized to 0.14 (line 429) but there is **no boundary check** in the setter method `setMaximumLabelWidth`. This means a user could set it to any value, including values greater than"
Chart,15,2,a boundary or range handling error,off_by_one,BUG,NO BUG,False,,,none,951,True,"Let me analyze this code carefully.  The issue mentioned is about a boundary or range handling error in the PiePlot class. Let me examine the code for potential boundary issues.  Looking at the `setInteriorGap` method (around line 597):  ```java public void setInteriorGap(double percent) {      if ((percent < 0.0) || (percent > MAX_INTERIOR_GAP)) {         throw new IllegalArgumentException(             ""Invalid 'percent' ("" + percent + "") argument."");     }      if (this.interiorGap != percent) {         this.interiorGap = percent;         notifyListeners(new PlotChangeEvent(this));     }  } ```  The constant `MAX_INTERIOR_GAP` is defined as `0.40` (40%).  Now, looking at the boundary condition check: - The check is `(percent < 0.0) || (percent > MAX_INTERIOR_GAP)` - This means it rejects values where `percent > 0.40` - But it accepts `percent == 0.40` (equal to MAX_INTERIOR_GAP)  However, let me check the comment at line 269: ```java /** The maximum interior gap (currently 40%). */ public static final double MAX_INTERIOR_GAP = 0.40; ```  The issue is subtle. Looking at the condition more carefully: `percent > MAX_INTERIOR_GAP` should actually be `percent > MAX_INTERIOR_GAP` which allows the value 0.40 to pass. The boundary check is using `>` instead of `>=`, which means: - Values up to and including 0.40 are accepted - Values greater than 0.40 are rejected  This appears intentional (the maximum of 0.40 should be included). However, examining the typical pattern for ""maximum"" constraints, if MAX_INTERIOR_GAP is meant to be the maximum allowed value, the check should use `>=` not `>` to properly exclude values greater than the maximum.  Wait, let me reconsider. The check `percent > MAX_INTERIOR_GAP` with `>` means: - Reject if `percent"
Chart,14,1,a boundary or range handling error,off_by_one,NO BUG,NO BUG,True,,,none,952,True,"Looking at the code and test files, I need to identify if there's a boundary or range handling error in the CategoryPlot class.  Let me examine the `removeDomainMarker` and `removeRangeMarker` methods carefully:  In the `removeDomainMarker(int index, Marker marker, Layer layer, boolean notify)` method (around line 2359): ```java public boolean removeDomainMarker(int index, Marker marker, Layer layer, 		boolean notify) {     ArrayList markers;     if (layer == Layer.FOREGROUND) {         markers = (ArrayList) this.foregroundDomainMarkers.get(new Integer(                 index));     }     else {         markers = (ArrayList) this.backgroundDomainMarkers.get(new Integer(                 index));     }     if (markers == null) {         return false;     }     boolean removed = markers.remove(marker);     if (removed && notify) {         fireChangeEvent();     }     return removed; } ```  There's a critical issue: **The method doesn't check if `marker` is null before calling `markers.remove(marker)`**. However, looking more carefully at the test:  ```java public void testRemoveRangeMarker() {     CategoryPlot plot = new CategoryPlot();     assertFalse(plot.removeRangeMarker(new ValueMarker(0.5))); } ```  The test expects `removeRangeMarker` to return `false` when trying to remove a marker that was never added. Let me trace through:  1. The plot is created with no markers 2. `removeRangeMarker(new ValueMarker(0.5))` is called 3. This delegates to `removeRangeMarker(0, marker, Layer.FOREGROUND)` 4. Which calls `removeRangeMarker(0, marker, Layer.FOREGROUND, true)` 5. In that method, it tries to get markers from `this.foregroundRangeMarkers.get(new Integer(0))` 6. Since no markers were added, this returns `null` 7. The method returns"
Chart,14,2,a boundary or range handling error,off_by_one,BUG,NO BUG,False,,,none,952,True,"Let me analyze the code to identify any bugs related to boundary or range handling errors.  Looking at the `removeDomainMarker` and `removeRangeMarker` methods in the CategoryPlot class:  In the `removeDomainMarker(int index, Marker marker, Layer layer, boolean notify)` method (around line 2416): ```java public boolean removeDomainMarker(int index, Marker marker, Layer layer, 		boolean notify) {     ArrayList markers;     if (layer == Layer.FOREGROUND) {         markers = (ArrayList) this.foregroundDomainMarkers.get(new Integer(                 index));     }     else {         markers = (ArrayList) this.backgroundDomainMarkers.get(new Integer(                 index));     }     boolean removed = markers.remove(marker);     if (removed && notify) {         fireChangeEvent();     }     return removed; } ```  The issue is that the code retrieves `markers` from the map, but if the marker doesn't exist in the map for that index, the `get()` operation returns `null`. Then the code tries to call `markers.remove(marker)` on a `null` reference, which will throw a `NullPointerException`.  The same issue exists in the `removeRangeMarker(int index, Marker marker, Layer layer, boolean notify)` method (around line 2547): ```java public boolean removeRangeMarker(int index, Marker marker, Layer layer, 		boolean notify) {     if (marker == null) {         throw new IllegalArgumentException(""Null 'marker' argument."");     }     ArrayList markers;     if (layer == Layer.FOREGROUND) {         markers = (ArrayList) this.foregroundRangeMarkers.get(new Integer(                 index));     }     else {         markers = (ArrayList) this.backgroundRangeMarkers.get(new Integer(                 index));     }     boolean removed = markers.remove(marker);     if (removed && notify) {         fireChangeEvent();     }     return removed; } ```  The test `"
Chart,13,1,an arithmetic expression error,operator_swap,NO BUG,NO BUG,True,,,none,953,True,"Looking at the code and test cases, I need to identify if there's an arithmetic expression error in the `BorderArrangement.java` file.  Let me trace through the test case `testSizingWithWidthConstraint()` for the ""11011"" case: - Top: 1.0 x 2.0 - Bottom: 3.0 x 4.0 - Right: 7.0 x 8.0 - Center: 9.0 x 10.0  The test expects width = 10.0 and height = 16.0.  Looking at the `arrangeFF()` method (which handles FIXED width and FIXED height constraints):  ```java protected Size2D arrangeFF(BlockContainer container, Graphics2D g2,                            RectangleConstraint constraint) {     double[] w = new double[5];     double[] h = new double[5];     w[0] = constraint.getWidth();  // w[0] = 10.0          // Top block     if (this.topBlock != null) {         // ... arranges and sets h[0] = 2.0     }          w[1] = w[0];  // w[1] = 10.0          // Bottom block     if (this.bottomBlock != null) {         // ... arranges and sets h[1] = 4.0     }          h[2] = constraint.getHeight() - h[1] - h[0];  // h[2] = 16.0 - 4.0 - 2.0 = 10.0          // Left block     if (this.leftBlock != null) {         // ... arranges - left block not present in this test     }          h[3] = h[2];  // h[3] = 10.0          // Right block     if (this.rightBlock != null) {         // ... arranges and sets w[3] = 8.0     }          h[4] = h[2];  // h[4] = 10"
Chart,13,2,an arithmetic expression error,operator_swap,BUG,NO BUG,False,,,none,953,True,"Looking at this code, I need to identify if there's an arithmetic expression error in the BorderArrangement class.  Let me carefully examine the key arithmetic operations, particularly in the `arrangeFF` method which has a comment noting a bug fix in the change log:  ```java // 08-Apr-2008 : Fixed bug in arrangeFF() method where width is too small for //               left and right blocks (DG); ```  Looking at line 445 in the `arrangeFF` method:  ```java if (this.bottomBlock != null) {     this.bottomBlock.setBounds(new Rectangle2D.Double(0.0, h[0] + h[2],             w[1], h[1])); } ```  The y-coordinate for the bottom block is set to `h[0] + h[2]`. However, let's trace what `h[2]` represents:  At line 437: ```java h[2] = constraint.getHeight() - h[1] - h[0]; ```  So `h[2]` is the height available for the center (middle) section.  The bottom block should be positioned at: `h[0]` (top height) + center height (which should be `h[2]`)  But wait - looking at the constraint calculations and the intended layout: - h[0] = top block height - h[1] = bottom block height   - h[2] = remaining height for center section = constraint.getHeight() - h[0] - h[1]  The bottom block should be positioned at `h[0] + h[2]`, which is the top height plus the center section height.  However, examining the test case at line 742-746: ```java // TBLRC // 11011 container.clear(); container.add(new EmptyBlock(1.0, 2.0), RectangleEdge.TOP); container.add(new EmptyBlock(3.0, 4.0), RectangleEdge.BOTTOM); container.add(new EmptyBlock(7.0, 8.0), RectangleEdge.RIGHT); container.add(new Empty"
Chart,12,1,a boundary or range handling error,off_by_one,NO BUG,NO BUG,True,,,none,954,True,"I need to analyze the `MultiplePiePlot` class to identify any boundary or range handling errors.  Let me examine the `draw` method carefully, particularly the loop that processes pie charts:  ```java for (int pieIndex = 0; pieIndex < pieCount; pieIndex++) {     rect.setBounds(x + xoffset + (width * column), y + (height * row),             width, height);          // ... code to get title and create pie dataset ...          ++column;     if (column == displayCols) {         column = 0;         ++row;          if (row == displayRows - 1 && diff != 0) {             xoffset = (diff * width) / 2;         }     } } ```  The issue is in the condition `if (row == displayRows - 1 && diff != 0)`. Let me trace through the logic:  1. `displayRows` and `displayCols` are calculated to create a grid that can hold `pieCount` items 2. `diff = (displayRows * displayCols) - pieCount` is the number of empty cells 3. The loop iterates `pieCount` times (from 0 to pieCount-1)  The problem: When we increment `row` in the loop, and `row` becomes equal to `displayRows - 1`, we're in the last row. However, the xoffset calculation should only apply if we're actually going to fill items in that last row.   More critically, the xoffset is set **after** incrementing row, but it's used in the **next iteration** of the loop (or not at all). The condition checks if `row == displayRows - 1`, which means we've just moved to the last row. However, the offset should be applied when we **start** filling the last row, not after we've already drawn items in previous rows.  Looking at the logic more carefully: - When `row` becomes `displayRows - 1`, we enter the last row - At this point, we set `xoffset` to center the remaining items - But this xoffset is then used in the next iteration's `rect.setBounds()` call  The real bug is that"
Chart,12,2,a boundary or range handling error,off_by_one,BUG,NO BUG,False,,,none,954,True,"Let me analyze this code to identify any bugs related to boundary or range handling.  Looking at the `draw` method in `MultiplePiePlot.java`, I can see the logic for calculating grid layout of pie charts:  ```java int pieCount = 0; if (this.dataExtractOrder == TableOrder.BY_ROW) {     pieCount = this.dataset.getRowCount(); } else {     pieCount = this.dataset.getColumnCount(); }  // the columns variable is always >= rows int displayCols = (int) Math.ceil(Math.sqrt(pieCount)); int displayRows     = (int) Math.ceil((double) pieCount / (double) displayCols);  // swap rows and columns to match plotArea shape if (displayCols > displayRows && area.getWidth() < area.getHeight()) {     int temp = displayCols;     displayCols = displayRows;     displayRows = temp; }  prefetchSectionPaints();  int x = (int) area.getX(); int y = (int) area.getY(); int width = ((int) area.getWidth()) / displayCols; int height = ((int) area.getHeight()) / displayRows; int row = 0; int column = 0; int diff = (displayRows * displayCols) - pieCount; int xoffset = 0; ```  The issue is in the loop condition and the offset calculation:  ```java for (int pieIndex = 0; pieIndex < pieCount; pieIndex++) {     // ...      ++column;     if (column == displayCols) {         column = 0;         ++row;          if (row == displayRows - 1 && diff != 0) {             xoffset = (diff * width) / 2;         }     } } ```  The problem is at line 393: `if (row == displayRows - 1 && diff != 0)`. This condition checks if we're on the second-to-last row (since `row` is 0-indexed), but it should check if we're on the **last row** (`"
Chart,11,1,an arithmetic expression error,operator_swap,NO BUG,NO BUG,True,,,none,955,True,"Let me analyze the source file and test cases to identify the bug.  Looking at the `intersects()` method in `ShapeUtilities.java` (lines 517-525):  ```java public static boolean intersects(Rectangle2D rect1, Rectangle2D rect2) {     double x0 = rect1.getX();     double y0 = rect1.getY();     double x = rect2.getX();     double width = rect2.getWidth();     double y = rect2.getY();     double height = rect2.getHeight();     return (x + width >= x0 && y + height >= y0 && x <= x0 + rect1.getWidth()             && y <= y0 + rect1.getHeight()); } ```  Now let's trace through the test case `testIntersects()`:  1. First test: `r1 = (0, 0, 100, 100)` and `r2 = (0, 0, 100, 100)` - should return `true` ✓ 2. Second test: `r1 = (100, 0, 100, 0)` and `r2 = (0, 0, 100, 100)`    - For `intersects(r1, r2)`: x0=100, y0=0, x=0, width=100, y=0, height=100    - Check: `(0 + 100 >= 100 && 0 + 100 >= 0 && 0 <= 100 + 100 && 0 <= 0 + 100)`    - = `(100 >= 100 && 100 >= 0 && 0 <= 200 && 0 <= 100)` = `true` ✓  3. The issue is in the edge case check. When `r1 = (100, 0, 100, 0)`, this rectangle has width=100 but height=0. The rectangle spans from x=100 to x=200, but y=0 to y=0 (a line).  Looking more carefully at the second test assertion: the"
Chart,11,2,an arithmetic expression error,operator_swap,BUG,NO BUG,False,,,none,955,True,"I need to analyze the code to find any bugs, particularly arithmetic expression errors.  Let me examine the `equal(GeneralPath, GeneralPath)` method at lines 273-302:  ```java public static boolean equal(GeneralPath p1, GeneralPath p2) {     if (p1 == null) {         return (p2 == null);     }     if (p2 == null) {         return false;     }     if (p1.getWindingRule() != p2.getWindingRule()) {         return false;     }     PathIterator iterator1 = p1.getPathIterator(null);     PathIterator iterator2 = p1.getPathIterator(null);  // BUG IS HERE     double[] d1 = new double[6];     double[] d2 = new double[6];     boolean done = iterator1.isDone() && iterator2.isDone();     while (!done) {         if (iterator1.isDone() != iterator2.isDone()) {             return false;         }         int seg1 = iterator1.currentSegment(d1);         int seg2 = iterator2.currentSegment(d2);         if (seg1 != seg2) {             return false;         }         if (!Arrays.equals(d1, d2)) {             return false;         }         iterator1.next();         iterator2.next();         done = iterator1.isDone() && iterator2.isDone();     }     return true; } ```  The bug is on line 281: `PathIterator iterator2 = p1.getPathIterator(null);`  It should be: `PathIterator iterator2 = p2.getPathIterator(null);`  Currently, both `iterator1` and `iterator2` are created from `p1`, so they will always iterate over the same path and will always be equal. The method should be comparing iterators from `p1` and `p2`, not `p1` and `p1`.  This is confirmed by the test cases in `testEqualGeneralPaths()` which"
Chart,10,1,an arithmetic expression error,operator_swap,NO BUG,NO BUG,True,,65,none,958,True,"I need to analyze the source file `StandardToolTipTagFragmentGenerator.java` and the test case to identify if there's a bug.  Looking at the source file: ```java public String generateToolTipFragment(String toolTipText) {     return "" title=\"""" + ImageMapUtilities.htmlEscape(toolTipText)          + ""\"" alt=\""\""""; } ```  Now let me examine the test case: ```java public void testGenerateURLFragment() {     StandardToolTipTagFragmentGenerator g             = new StandardToolTipTagFragmentGenerator();     assertEquals("" title=\""abc\"" alt=\""\"""",             g.generateToolTipFragment(""abc""));     assertEquals("" title=\""Series &quot;A&quot;, 100.0\"" alt=\""\"""",             g.generateToolTipFragment(""Series \""A\"", 100.0"")); } ```  The test expects: 1. For input ""abc"": ` title=""abc"" alt=""""` 2. For input `Series ""A"", 100.0`: ` title=""Series &quot;A&quot;, 100.0"" alt=""""`  The issue is in the return statement. There's a line break in the middle of the string concatenation: ```java return "" title=\"""" + ImageMapUtilities.htmlEscape(toolTipText)      + ""\"" alt=\""\""""; ```  This appears to be split across two lines. However, looking more carefully at the actual concatenation, the problem is that there's a missing space or character. The string should concatenate properly, but let me trace through: - `"" title=\""""`  - `+ ImageMapUtilities.htmlEscape(toolTipText)` - `+ ""\"" alt=\""\""""`  Wait, actually looking at the line break more carefully in the source code as presented: ```     return "" title=\"""" + ImageMapUtilities.htmlEscape(toolTipText)          + ""\"" alt=\""\""""; ```  There's a missing closing quote before `alt`. The second line should be `+ ""\"" alt=\""\"""";` but checking the actual code... it shows `+ ""\"" alt=\""\"""";` which is correct."
Chart,10,2,an arithmetic expression error,operator_swap,BUG,BUG,True,62,65,original,958,True,"Let me analyze this code to identify any bugs.  Looking at the source file `StandardToolTipTagFragmentGenerator.java`, the `generateToolTipFragment` method simply concatenates the tooltip text directly into the HTML without any escaping:  ```java public String generateToolTipFragment(String toolTipText) {     return "" title=\"""" + toolTipText         + ""\"" alt=\""\""""; } ```  Now let's examine the test case in `StandardToolTipTagFragmentGeneratorTests.java`:  ```java public void testGenerateURLFragment() {     StandardToolTipTagFragmentGenerator g             = new StandardToolTipTagFragmentGenerator();     assertEquals("" title=\""abc\"" alt=\""\"""",             g.generateToolTipFragment(""abc""));     assertEquals("" title=\""Series &quot;A&quot;, 100.0\"" alt=\""\"""",             g.generateToolTipFragment(""Series \""A\"", 100.0"")); } ```  The test expects that when the input is `""Series \""A\"", 100.0""`, the output should be `"" title=\""Series &quot;A&quot;, 100.0\"" alt=\""\""""` - meaning the double quotes in the input should be escaped as `&quot;`.  However, the current implementation in `generateToolTipFragment` does NOT perform any escaping. It would produce `"" title=\""Series \""A\"", 100.0\"" alt=\""\""""` instead, which is invalid HTML (the quotes break the attribute).  The file header comment at line 37 mentions ""04-Dec-2007 : Escape tool tip text to fix bug 1400917 (DG);"" which suggests escaping should be implemented, but the actual implementation is missing this escaping logic.  VERDICT: BUG LINE: org/jfree/chart/imagemap/StandardToolTipTagFragmentGenerator.java:62-64 REASON: The method does not escape special HTML characters (such as double quotes) in the tooltip text, causing invalid HTML output when the tooltip contains quotes, whereas the test expects these characters to be escaped as HTML entities."
Chart,9,1,a boundary or range handling error,off_by_one,NO BUG,NO BUG,True,,944,none,958,True,"Looking at the code, I need to identify a bug related to boundary or range handling in the `TimeSeries` class.  Let me examine the `createCopy(RegularTimePeriod start, RegularTimePeriod end)` method carefully, particularly around lines 1050-1080:  ```java public TimeSeries createCopy(RegularTimePeriod start, RegularTimePeriod end)     throws CloneNotSupportedException {     // ... validation code ...          int endIndex = getIndex(end);     if (endIndex < 0) {             // end period is not in original series         endIndex = -(endIndex + 1); // this is first item AFTER end period         endIndex = endIndex - 1;    // so this is last item BEFORE end     }     if ((endIndex < 0)  || (endIndex < startIndex)) {         emptyRange = true;     } ```  The problem is in the boundary condition check. When `endIndex` is computed after a failed binary search (when the end period is not found in the series), the code does: - `endIndex = -(endIndex + 1)` - converts to insertion point (first item AFTER end) - `endIndex = endIndex - 1` - adjusts to last item BEFORE end  However, there's a critical issue: **the condition `(endIndex < 0) || (endIndex < startIndex)` should use `||` (OR) but the order of these checks and the logic for setting `emptyRange` doesn't properly handle all boundary cases.**  More specifically, looking at the test case `testBug1864222()`: - Series has: Day(19, 8, 2005) and Day(31, 1, 2006) - Trying to copy from Day(1, 12, 2005) to Day(18, 1, 2006) - Day(1, 12, 2005) is between the two data points - Day(18, 1, 2006) is between the two data points but closer to the second one  When `endIndex < startIndex` after adjustment, this should indicate an empty range. However, the"
Chart,9,2,a boundary or range handling error,off_by_one,BUG,NO BUG,False,,944,none,958,True,"Looking at this code, I need to identify boundary or range handling errors in the TimeSeries class.  Let me examine the `createCopy(RegularTimePeriod start, RegularTimePeriod end)` method (lines 977-1018), which is tested by `testBug1864222()` and `testCreateCopy1()`.  The issue is in how the method handles the case when the `end` period is not found in the series:  ```java int endIndex = getIndex(end); if (endIndex < 0) {             // end period is not in original series     endIndex = -(endIndex + 1); // this is first item AFTER end period     endIndex = endIndex - 1;    // so this is last item BEFORE end } if (endIndex < 0) {     emptyRange = true; } ```  The problem is that when `endIndex` becomes negative after the `-(endIndex + 1) - 1` calculation, it means the end period is before all items in the series. However, this only checks if `endIndex < 0` AFTER the conversion.  Looking more carefully at the binary search semantics: when `getIndex(end)` returns a negative value, it means the item wasn't found. The value returned is `-(insertion_point + 1)`. So `-(endIndex + 1)` gives us the insertion point (first item AFTER where end would be inserted). Subtracting 1 gives us the last item BEFORE end.  But there's a boundary issue: if the end period is before all items in the series, then `-(endIndex + 1) - 1` would give us `-1`, which is correctly detected. However, the real issue is in the range check at line 1005:  ```java if (startIndex == this.data.size()) {     emptyRange = true;  // start is after last data item } ```  This check happens ONLY when `startIndex < 0`, but we also need to check if `endIndex < startIndex` AFTER both indices are computed. More critically, looking at the test case `testBug1864222()`, when we have items at indices and try to get a range between them,"
Chart,8,1,an arithmetic expression error,operator_swap,NO BUG,BUG,False,127,175,other,958,True,"I need to analyze the code in `Week.java` to identify if there's a bug related to an arithmetic expression error.  Let me examine the constructor that validates the week parameter:  ```java public Week(int week, int year) {     if ((week < FIRST_WEEK_IN_YEAR) && (week > LAST_WEEK_IN_YEAR)) {         throw new IllegalArgumentException(                 ""The 'week' argument must be in the range 1 - 53."");     }     this.week = (byte) week;     this.year = (short) year;     peg(Calendar.getInstance()); } ```  The condition uses `&&` (AND), but it should use `||` (OR). Let me trace through the logic:  - `FIRST_WEEK_IN_YEAR = 1` - `LAST_WEEK_IN_YEAR = 53`  The current condition: `(week < FIRST_WEEK_IN_YEAR) && (week > LAST_WEEK_IN_YEAR)`  For this to be true, week must be: - Less than 1 AND - Greater than 53  This is impossible! A number cannot be both less than 1 and greater than 53 simultaneously.  The correct logic should be: `(week < FIRST_WEEK_IN_YEAR) || (week > LAST_WEEK_IN_YEAR)`  This would correctly reject weeks that are either: - Less than 1 OR - Greater than 53  The same bug appears in the second constructor `Week(int week, Year year)` at line 133.  Looking at the test file, the tests don't seem to specifically test invalid week numbers being rejected, but the logic is clearly wrong.  VERDICT: BUG LINE: org/jfree/data/time/Week.java, line 127 REASON: The week validation uses `&&` (AND) instead of `||` (OR), making it impossible to reject invalid week numbers since no value can be simultaneously less than 1 and greater than 53."
Chart,8,2,an arithmetic expression error,operator_swap,BUG,BUG,True,122,175,other,958,True,"I need to analyze the Week.java file for bugs, particularly focusing on arithmetic expressions as mentioned.  Let me examine the code carefully, especially the constructors and validation logic.  In the constructor at line 119-126: ```java public Week(int week, int year) {     if ((week < FIRST_WEEK_IN_YEAR) && (week > LAST_WEEK_IN_YEAR)) {         throw new IllegalArgumentException(                 ""The 'week' argument must be in the range 1 - 53."");     }     this.week = (byte) week;     this.year = (short) year;     peg(Calendar.getInstance()); } ```  And at line 133-140: ```java public Week(int week, Year year) {     if ((week < FIRST_WEEK_IN_YEAR) && (week > LAST_WEEK_IN_YEAR)) {         throw new IllegalArgumentException(                 ""The 'week' argument must be in the range 1 - 53."");     }     this.week = (byte) week;     this.year = (short) year.getYear();     peg(Calendar.getInstance()); } ```  **The bug is in the logical condition:** The condition uses `&&` (AND) when it should use `||` (OR).  Currently: `(week < FIRST_WEEK_IN_YEAR) && (week > LAST_WEEK_IN_YEAR)` - This would only be true if week is BOTH less than 1 AND greater than 53 simultaneously, which is impossible. - So the validation never throws an exception for invalid weeks.  It should be: `(week < FIRST_WEEK_IN_YEAR) || (week > LAST_WEEK_IN_YEAR)` - This would correctly throw an exception if week is less than 1 OR greater than 53.  This is a classic logical operator error that would cause test failures when invalid week values are passed to these constructors.  VERDICT: BUG LINE: org/jfree/data/time/Week.java:122 and org/jfree/data/time/Week.java"
Chart,7,1,a boundary or range handling error,off_by_one,NO BUG,NO BUG,True,,300,none,958,True,"I need to analyze the code to identify if there's a bug related to boundary or range handling.  Let me examine the `updateBounds` method in `TimePeriodValues.java` and the test cases, particularly focusing on the `testGetMaxMiddleIndex()` test which adds four items and seems to test boundary conditions.  Looking at the `updateBounds` method (lines 271-333), I can see how the max/min indices are updated when new items are added.  Let me trace through `testGetMaxMiddleIndex()`: 1. `s.add(new SimpleTimePeriod(100L, 200L), 1.0)` - index 0, middle = 100 + (200-100)/2 = 150 2. `s.add(new SimpleTimePeriod(300L, 400L), 2.0)` - index 1, middle = 300 + (400-300)/2 = 350 3. `s.add(new SimpleTimePeriod(0L, 50L), 3.0)` - index 2, middle = 0 + (50-0)/2 = 25 4. `s.add(new SimpleTimePeriod(150L, 200L), 4.0)` - index 3, middle = 150 + (200-150)/2 = 175  The test expects: - After step 1: `maxMiddleIndex = 0` ✓ - After step 2: `maxMiddleIndex = 1` ✓ (350 > 150) - After step 3: `maxMiddleIndex = 1` ✓ (25 < 350, no change) - After step 4: `maxMiddleIndex = 1` ✓ (175 < 350, no change)  Now let me look at the middle calculation in `updateBounds`: ```java long middle = start + ((end - start) / 2); ```  And when checking the existing maxMiddleIndex: ```java if (this.maxMiddleIndex >= 0) {     long s = getDataItem(this.maxMiddleIndex).getPeriod().getStart()."
Chart,7,2,a boundary or range handling error,off_by_one,BUG,BUG,True,296,300,original,958,True,"Let me analyze this code for boundary and range handling errors.  Looking at the `updateBounds` method in `TimePeriodValues.java`, specifically the section handling `maxMiddleIndex`:  ```java if (this.maxMiddleIndex >= 0) {     long s = getDataItem(this.minMiddleIndex).getPeriod().getStart()         .getTime();     long e = getDataItem(this.minMiddleIndex).getPeriod().getEnd()         .getTime();     long maxMiddle = s + (e - s) / 2;     if (middle > maxMiddle) {         this.maxMiddleIndex = index;                } } ```  The bug is on lines 296-297. When checking for the maximum middle index, the code is using `this.minMiddleIndex` to retrieve the data item instead of `this.maxMiddleIndex`. This is incorrect because:  1. It should be comparing the current `middle` value with the maximum middle value found so far 2. To get the maximum middle value, it needs to retrieve the data item at index `this.maxMiddleIndex`, not `this.minMiddleIndex`  The same issue exists in the corresponding `minMiddleIndex` check (lines 285-287), but looking more closely, that one is correct because for finding the minimum, we do want to compare against the current minimum's data.  However, the `maxMiddleIndex` section (lines 293-300) has the wrong index reference. It should use `this.maxMiddleIndex` instead of `this.minMiddleIndex` when retrieving the period to calculate `maxMiddle`.  This is consistent with the changelog comment on line 47: ""07-Apr-2008 : Fixed bug with maxMiddleIndex in updateBounds() (DG);"" - indicating this was a known issue that should have been fixed.  The test `testGetMaxMiddleIndex()` would likely fail or produce incorrect results because of this bug.  VERDICT: BUG LINE: org/jfree/data/time/TimePeriodValues.java:296-297 REASON: The maxMiddleIndex comparison incorrectly uses `this.minMiddleIndex` instead of `this"
Chart,6,1,a boundary or range handling error,off_by_one,NO BUG,BUG,False,105,111,other,962,True,"Let me analyze this code carefully.  The `ShapeList` class has an `equals()` method that compares two lists. Looking at the implementation:  ```java public boolean equals(Object obj) {     if (obj == this) {         return true;     }     if (!(obj instanceof ShapeList)) {         return false;     }     ShapeList that = (ShapeList) obj;     int listSize = size();     for (int i = 0; i < listSize; i++) {        if (!ShapeUtilities.equal((Shape) get(i), (Shape) that.get(i))) {            return false;        }     }     return true; } ```  The problem is that this method only checks if the sizes are equal implicitly through iteration. If `this` list has size `n`, it only iterates through indices 0 to n-1 and compares elements at those indices in both lists. However, if `that` list is larger than `this` list, the extra elements in `that` are never checked, and the method would still return `true` even though the lists are not equal.  For example: - List 1: [shape1, shape2] - List 2: [shape1, shape2, shape3]  The loop would iterate `i` from 0 to 1 (size of list1), compare elements at indices 0 and 1 in both lists (which match), and return `true` even though list2 has an extra element.  The fix would be to also check that both lists have the same size before the loop.  Looking at the test case `testEquals()`, it creates two lists with the same elements at indices 0, 1, and 2 (including null), so it would pass. However, this is a boundary condition bug that would manifest if the lists had different sizes.  VERDICT: BUG LINE: org/jfree/chart/util/ShapeList.java:105 REASON: The equals() method does not verify that both lists have the same size before comparing elements, allowing lists of different sizes to be considered equal if the shorter list's elements match the beginning of the longer list."
Chart,6,2,a boundary or range handling error,off_by_one,BUG,NO BUG,False,,111,none,962,True,"Let me analyze this code carefully.  Looking at the `ShapeList` class and its test cases, I need to examine the serialization and deserialization logic in the `writeObject` and `readObject` methods.  **Analysis of the serialization logic:**  In `writeObject` (lines 129-145): ```java private void writeObject(ObjectOutputStream stream) throws IOException {     stream.defaultWriteObject();     int count = size();     stream.writeInt(count);     for (int i = 0; i < count; i++) {         Shape shape = getShape(i);         if (shape != null) {             stream.writeInt(i);             SerialUtilities.writeShape(shape, stream);         }         else {             stream.writeInt(-1);         }     } } ```  In `readObject` (lines 155-168): ```java private void readObject(ObjectInputStream stream) throws IOException,         ClassNotFoundException {     stream.defaultReadObject();     int count = stream.readInt();     for (int i = 0; i < count; i++) {         int index = stream.readInt();         if (index != -1) {             setShape(index, SerialUtilities.readShape(stream));         }     } } ```  **The Bug:**  In `readObject`, when `index == -1` (indicating a null shape), the code does nothing. However, looking at the test case `testSerialization()`: - It sets shapes at indices 0, 1, and 2 - Index 2 is set to `null`  The problem is in the `writeObject` method. When it encounters a `null` shape, it writes `-1` but does **not** consume a call to read the shape from the stream. However, in `readObject`, when it reads `-1`, it simply continues to the next iteration without reading or setting anything.  But the real issue is more subtle: In `writeObject`, for every index from 0 to count-1, it always writes an index value. When the shape is null, it writes `-1`, but when it's not null, it writes the actual index. Then in `readObject"
Chart,5,1,a boundary or range handling error,off_by_one,NO BUG,BUG,False,,542,none,988,True,"Let me analyze this code to identify potential bugs related to boundary or range handling.  Looking at the `XYSeries.java` file, I'll examine the key methods:  1. **`delete(int start, int end)` method (lines 414-418)**: ```java public void delete(int start, int end) {     for (int i = start; i <= end; i++) {         this.data.remove(start);     }     fireSeriesChanged(); } ```  This method has a critical bug. The loop iterates from `start` to `end` (inclusive), but on each iteration, it removes the element at index `start`. This is incorrect because: - When you remove an element at index `start`, all subsequent elements shift down by one position - The next iteration will remove the wrong element - If you want to delete a range from `start` to `end`, you should either:   - Always remove at `start` (which shifts elements), OR   - Remove from `end` down to `start` (removing in reverse order), OR   - Remove `(end - start + 1)` items from `start`  **Example of the bug**: If you call `delete(0, 2)` on a list `[A, B, C, D, E]`: - Iteration i=0: Remove index 0 → `[B, C, D, E]` - Iteration i=1: Remove index 0 → `[C, D, E]` - Iteration i=2: Remove index 0 → `[D, E]`  This removes 3 elements when intended, but they're wrong elements. It should have removed elements at original indices 0, 1, and 2 (A, B, C), but instead removed A, B, and C from their shifted positions.  The fix should be: ```java for (int i = 0; i <= (end - start); i++) {     this.data.remove(start); } ``` Or better: ```java for (int i = end; i >= start; i--) {     this.data.remove(i); } ```  VERDICT: BUG LINE: org/"
Chart,5,2,a boundary or range handling error,off_by_one,BUG,NO BUG,False,,542,none,988,True,"Let me analyze this code for bugs related to boundary or range handling.  Looking at the `addOrUpdate` method in XYSeries.java (lines 516-551), I need to trace through the logic carefully:  ```java public XYDataItem addOrUpdate(Number x, Number y) {     if (x == null) {         throw new IllegalArgumentException(""Null 'x' argument."");     }      // if we get to here, we know that duplicate X values are not permitted     XYDataItem overwritten = null;     int index = indexOf(x);     if (index >= 0 && !this.allowDuplicateXValues) {         // Update existing item         XYDataItem existing = (XYDataItem) this.data.get(index);         try {             overwritten = (XYDataItem) existing.clone();         }         catch (CloneNotSupportedException e) {             throw new SeriesException(""Couldn't clone XYDataItem!"");         }         existing.setY(y);     }     else {         // Add new item         if (this.autoSort) {             this.data.add(-index - 1, new XYDataItem(x, y));         }         else {             this.data.add(new XYDataItem(x, y));         }         // check if this addition will exceed the maximum item count...         if (getItemCount() > this.maximumItemCount) {             this.data.remove(0);         }     }     fireSeriesChanged();     return overwritten; } ```  The critical issue is in the condition at line 527: ```java if (index >= 0 && !this.allowDuplicateXValues) { ```  The comment on line 522 states: ""if we get to here, we know that duplicate X values are not permitted"". However, this is incorrect. The condition should be checking if `index >= 0` AND either `!this.allowDuplicateXValues` OR if duplicates ARE allowed and we found a match.  Looking at the test `testBug1955483()`: ```java"
Chart,4,1,a boundary or range handling error,off_by_one,NO BUG,BUG,False,2788,4492,other,1037,True,"Let me analyze the code to identify if there is a bug related to boundary or range handling.  Looking at the `clearDomainMarkers(int index)` method in XYPlot.java (around line 2770):  ```java public void clearDomainMarkers(int index) {     Integer key = new Integer(index);     if (this.backgroundDomainMarkers != null) {         Collection markers             = (Collection) this.backgroundDomainMarkers.get(key);         if (markers != null) {             Iterator iterator = markers.iterator();             while (iterator.hasNext()) {                 Marker m = (Marker) iterator.next();                 m.removeChangeListener(this);             }             markers.clear();         }     }     if (this.foregroundRangeMarkers != null) {  // BUG IS HERE         Collection markers             = (Collection) this.foregroundDomainMarkers.get(key);         if (markers != null) {             Iterator iterator = markers.iterator();             while (iterator.hasNext()) {                 Marker m = (Marker) iterator.next();                 m.removeChangeListener(this);             }             markers.clear();         }     }     fireChangeEvent(); } ```  The bug is on line 2788: The condition checks `this.foregroundRangeMarkers != null` but then tries to get markers from `this.foregroundDomainMarkers`. This is a boundary/range handling error because:  1. The second `if` statement should be checking `this.foregroundDomainMarkers != null` instead of `this.foregroundRangeMarkers != null` 2. This causes the wrong marker collection to be checked for nullness, potentially allowing a null pointer dereference or preventing the clearing of foreground domain markers when foregroundRangeMarkers is null  The correct code should check `this.foregroundDomainMarkers` before accessing it, not `this.foregroundRangeMarkers`.  VERDICT: BUG LINE: org/jfree/chart/plot/XYPlot.java line 2788 REASON:"
Chart,4,2,a boundary or range handling error,off_by_one,BUG,BUG,True,2632,4492,other,1037,True,"VERDICT: BUG LINE: 2632 REASON: In the `clearDomainMarkers(int index)` method, there is a logic error where `this.foregroundRangeMarkers` is checked instead of `this.foregroundDomainMarkers`, causing foreground domain markers to not be properly cleared.  The bug is in this code block at line 2632: ```java if (this.foregroundRangeMarkers != null) {     Collection markers         = (Collection) this.foregroundDomainMarkers.get(key); ```  It should be: ```java if (this.foregroundDomainMarkers != null) {     Collection markers         = (Collection) this.foregroundDomainMarkers.get(key); ```  The condition checks `this.foregroundRangeMarkers` but should check `this.foregroundDomainMarkers`, making it a boundary/correctness error that causes the method to skip clearing foreground domain markers when they exist."
Chart,3,1,a boundary or range handling error,off_by_one,NO BUG,BUG,False,796,1056,other,1058,True,"I'll analyze this code to identify potential bugs related to boundary or range handling.  Let me examine the source file carefully, particularly focusing on boundary conditions and range handling.  Looking at the `addOrUpdate` method (around line 738-801), I found a critical bug:  ```java public TimeSeriesDataItem addOrUpdate(TimeSeriesDataItem item) {     // ... code ...     if (index >= 0) {         // ... existing item update code ...         else if (item.getValue() != null) {             double yy = item.getValue().doubleValue();             this.minY = minIgnoreNaN(this.minY, yy);             this.maxY = minIgnoreNaN(this.maxY, yy);  // BUG HERE!         }     }     // ... rest of code ... } ```  On line 796, when updating the maximum Y value, the code calls `minIgnoreNaN` instead of `maxIgnoreNaN`: ```java this.maxY = minIgnoreNaN(this.maxY, yy);  // WRONG - should be maxIgnoreNaN ```  This is a clear copy-paste error. It should be: ```java this.maxY = maxIgnoreNaN(this.maxY, yy); ```  This bug causes the maximum Y value to be calculated incorrectly when items are updated via `addOrUpdate()`. The test `testAddOrUpdate2()` and others that check `getMaxY()` after `addOrUpdate()` operations would fail because maxY would be set to the minimum of the values instead of the maximum.  VERDICT: BUG LINE: org/jfree/data/time/TimeSeries.java:796 REASON: The `addOrUpdate()` method incorrectly calls `minIgnoreNaN()` when updating `maxY` instead of `maxIgnoreNaN()`, causing the maximum Y value to be calculated as a minimum instead of a maximum."
Chart,3,2,a boundary or range handling error,off_by_one,BUG,BUG,True,859,1056,other,1058,True,"I need to analyze the `TimeSeries` class for bugs related to boundary or range handling errors.  Let me examine the code carefully, particularly focusing on methods that handle ranges and boundaries.  Looking at the `addOrUpdate` method (starting around line 825), specifically this section:  ```java else if (item.getValue() != null) {     double yy = item.getValue().doubleValue();     this.minY = minIgnoreNaN(this.minY, yy);     this.maxY = minIgnoreNaN(this.maxY, yy);  // BUG IS HERE } ```  The bug is on line 859. When updating `maxY`, the code calls `minIgnoreNaN` instead of `maxIgnoreNaN`. This means the maximum Y value is being calculated as a minimum instead of a maximum.  This is clearly a copy-paste error. Looking at similar code in the `update(int index, Number value)` method (around line 804-806), we can see the correct pattern:  ```java this.minY = minIgnoreNaN(this.minY, yy); this.maxY = maxIgnoreNaN(this.maxY, yy);  // Correct usage ```  The test `testAddOrUpdate2()` would catch this bug - it adds values 2.2 and 3.3, expecting maxY to be 3.3, but with the bug, `minIgnoreNaN` would be called for both minY and maxY, causing maxY to be calculated incorrectly.  Also checking the test `testAddOrUpdate4()`, it validates that `addOrUpdate` correctly updates values, and with this bug, the maxY calculations would be wrong.  VERDICT: BUG LINE: org/jfree/data/time/TimeSeries.java:859 REASON: In the `addOrUpdate` method, `maxY` is incorrectly updated using `minIgnoreNaN` instead of `maxIgnoreNaN`, causing the maximum Y value to be calculated as a minimum value instead."
Chart,2,1,a boundary or range handling error,off_by_one,NO BUG,NO BUG,True,,754,none,1060,True,"Looking at the code, I need to analyze the `DatasetUtilities.java` file for boundary or range handling errors.  Let me examine the `iterateDomainBounds` method starting around line 775, particularly the section that handles non-interval datasets:  ```java else {     for (int series = 0; series < seriesCount; series++) {         int itemCount = dataset.getItemCount(series);         for (int item = 0; item < itemCount; item++) {             lvalue = dataset.getXValue(series, item);             uvalue = lvalue;             if (!Double.isNaN(lvalue)) {                 minimum = Math.min(minimum, lvalue);                 maximum = Math.max(maximum, uvalue);  // BUG HERE             }         }     } } ```  The bug is on line 813. When `uvalue = lvalue`, both variables hold the same value. However, the issue is that when we do: - `minimum = Math.min(minimum, lvalue)` - this is correct - `maximum = Math.max(maximum, uvalue)` - this uses `uvalue` which equals `lvalue`, but should use the actual `lvalue` for consistency  Wait, let me re-examine. Actually, the real issue is different. Looking at line 812: ```java uvalue = lvalue; ```  This means both `lvalue` and `uvalue` are the same. Then we check `if (!Double.isNaN(lvalue))` and update both min and max. But the issue is subtle - we're setting `uvalue = lvalue` BEFORE the NaN check, which is fine.  Actually, I see it now. On line 811, we have: ```java lvalue = dataset.getXValue(series, item); uvalue = lvalue; ```  And then we update maximum with `uvalue`. But looking at the interval case above (lines 791-809), when handling intervals, we get separate start and end values. In the non-interval case, we should just be comparing a single value against itself for max, which works.  Let me look at test cases to understand the expected behavior better. Looking at `testFind"
Chart,2,2,a boundary or range handling error,off_by_one,BUG,NO BUG,False,,754,none,1060,True,"I need to analyze the source file and test cases to identify if there's a bug.  Let me examine the key methods in `DatasetUtilities.java` that are being tested, particularly focusing on boundary/range handling.  Looking at the `iterateDomainBounds` method (lines 851-897), I notice a potential issue:  ```java public static Range iterateDomainBounds(XYDataset dataset,                                         boolean includeInterval) {     if (dataset == null) {         throw new IllegalArgumentException(""Null 'dataset' argument."");     }     double minimum = Double.POSITIVE_INFINITY;     double maximum = Double.NEGATIVE_INFINITY;     int seriesCount = dataset.getSeriesCount();     double lvalue;     double uvalue;     if (includeInterval && dataset instanceof IntervalXYDataset) {         IntervalXYDataset intervalXYData = (IntervalXYDataset) dataset;         for (int series = 0; series < seriesCount; series++) {             int itemCount = dataset.getItemCount(series);             for (int item = 0; item < itemCount; item++) {                 lvalue = intervalXYData.getStartXValue(series, item);                 uvalue = intervalXYData.getEndXValue(series, item);                 if (!Double.isNaN(lvalue)) {                     minimum = Math.min(minimum, lvalue);                 }                 if (!Double.isNaN(uvalue)) {                     maximum = Math.max(maximum, uvalue);                 }             }         }     }     else {         for (int series = 0; series < seriesCount; series++) {             int itemCount = dataset.getItemCount(series);             for (int item = 0; item < itemCount; item++) {                 lvalue = dataset.getXValue(series, item);                 uvalue = lvalue;  // <-- LINE 893                 if (!Double.isNaN(lvalue)) {                     minimum = Math.min(minimum, lvalue);                     maximum = Math.max(maximum, uvalue"
Chart,1,1,a boundary or range handling error,off_by_one,NO BUG,NO BUG,True,,1797,none,1060,True,"I need to analyze this code to identify if there's a boundary or range handling error.  Let me examine the test case `test2947660()` which is mentioned as reproducing a bug:  ```java public void test2947660() {     AbstractCategoryItemRenderer r = new LineAndShapeRenderer();     assertNotNull(r.getLegendItems());     assertEquals(0, r.getLegendItems().getItemCount());      DefaultCategoryDataset dataset = new DefaultCategoryDataset();     CategoryPlot plot = new CategoryPlot();     plot.setDataset(dataset);     plot.setRenderer(r);     assertEquals(0, r.getLegendItems().getItemCount());      dataset.addValue(1.0, ""S1"", ""C1"");     LegendItemCollection lic = r.getLegendItems();     assertEquals(1, lic.getItemCount());     assertEquals(""S1"", lic.get(0).getLabel()); } ```  Now let me look at the `getLegendItems()` method in the source file (around line 1495):  ```java public LegendItemCollection getLegendItems() {     LegendItemCollection result = new LegendItemCollection();     if (this.plot == null) {         return result;     }     int index = this.plot.getIndexOf(this);     CategoryDataset dataset = this.plot.getDataset(index);     if (dataset == null) {         return result;     }     int seriesCount = dataset.getRowCount();     if (plot.getRowRenderingOrder().equals(SortOrder.ASCENDING)) {         for (int i = 0; i < seriesCount; i++) {             if (isSeriesVisibleInLegend(i)) {                 LegendItem item = getLegendItem(index, i);                 if (item != null) {                     result.add(item);                 }             }         }     }     else {         for (int i = seriesCount - 1; i >= 0; i--) {             if (isSeries"
Chart,1,2,a boundary or range handling error,off_by_one,BUG,BUG,True,1327,1797,other,1060,True,"Let me analyze this code to identify the bug.  Looking at the `getLegendItems()` method in `AbstractCategoryItemRenderer.java` (around line 1320):  ```java public LegendItemCollection getLegendItems() {     LegendItemCollection result = new LegendItemCollection();     if (this.plot == null) {         return result;     }     int index = this.plot.getIndexOf(this);     CategoryDataset dataset = this.plot.getDataset(index);     if (dataset != null) {  // <-- BUG IS HERE         return result;     }     int seriesCount = dataset.getRowCount();     // ... rest of method } ```  The bug is on the condition `if (dataset != null)`. This condition checks if the dataset is NOT null and then returns an empty result. This is backwards logic - it should be `if (dataset == null)`.  Currently: - If dataset is null → continues and tries to call `dataset.getRowCount()` (will throw NullPointerException) - If dataset is NOT null → returns empty collection (wrong behavior)  This is confirmed by the test case `test2947660()` which expects: 1. When a dataset is added with a value, `getLegendItems()` should return 1 item 2. But with the current bug, it would return 0 items because the condition returns early when dataset is not null  The logic should return early only when the dataset IS null, not when it's not null.  VERDICT: BUG LINE: org/jfree/chart/renderer/category/AbstractCategoryItemRenderer.java:1327 REASON: The condition `if (dataset != null)` should be `if (dataset == null)` - the logic is inverted, causing the method to return an empty collection when a dataset exists instead of when it's null."
