project,bug_id,tier,file,hint,mutation_type,reported_line,original_bug_line,result,response
Chart,26,1,Axis.java,an arithmetic expression error,operator_swap,,1191,malformed,"I need to analyze this code for an arithmetic expression error related to bug ID 26 from the Chart project.  Let me search for arithmetic expression errors in the code. The bug is described as being related to an arithmetic expression error.  Looking through the code, I can see various arithmetic operations. Let me focus on the `drawLabel` method which has several calculations involving coordinates and dimensions.  In the RIGHT edge case (around line 1080-1096), I see:  ```java float labelx = (float) (state.getCursor()                  + insets.getLeft() + w / 2.0); float labely = (float) (dataArea.getY() + dataArea.getHeight()          / 2.0); ```  The issue is in the `labely` calculation on line 1090-1091. The expression `dataArea.getY() + dataArea.getHeight() / 2.0` has an operator precedence problem. Due to operator precedence, division is performed before addition, so it calculates `dataArea.getY() + (dataArea.getHeight() / 2.0)`, which gives"
Chart,26,2,Axis.java,an arithmetic expression error,operator_swap,1062,1191,wrong,"LINE: 1062  REASON: The calculation for `labely` on the RIGHT edge uses division by 2.0 instead of multiplication, resulting in `dataArea.getY() + dataArea.getHeight() / 2.0` when it should be `dataArea.getY() + dataArea.getHeight() * / 2.0` to properly center the label vertically."
Chart,25,1,StatisticalBarRenderer.java,an arithmetic expression error,operator_swap,513,258,pattern_matched_clean,"LINE: 513 REASON: The arithmetic expression uses subtraction (`rectX + rectWidth / 2.0d - 5.0d`) when it should use addition (`rectX + rectWidth / 2.0d + 5.0d`) to correctly calculate the left endpoint of the error indicator cap line, causing asymmetric error bars in vertical orientation."
Chart,25,2,StatisticalBarRenderer.java,an arithmetic expression error,operator_swap,499,258,wrong,"LINE: 499  REASON: The arithmetic expression `rectX + rectWidth / 2.0d - 5.0d` should be `rectX + rectWidth / 2.0d` for the horizontal position of the error indicator cap lines, and the subtraction `- 5.0d` is incorrectly placed due to operator precedence, causing the cap lines to be positioned incorrectly; it should use parentheses as `(rectX + rectWidth / 2.0d) - 5.0d` or the division should be adjusted to match the intended cap width offset."
Chart,24,1,GrayPaintScale.java,an arithmetic expression error,operator_swap,121,126,pattern_matched_clean,"LINE: 121 REASON: The arithmetic expression is missing parentheses around the denominator calculation, causing incorrect operator precedence where the division by `lowerBound` occurs before subtracting `upperBound`."
Chart,24,2,GrayPaintScale.java,an arithmetic expression error,operator_swap,119,126,wrong,"LINE: 119 REASON: The calculation uses `value` instead of the clamped variable `v`, causing incorrect grayscale values when the input is outside the bounds."
Chart,23,1,MinMaxCategoryRenderer.java,an arithmetic expression error,operator_swap,446,434,pattern_matched_clean,"LINE: 446  REASON: The width and height calculations use `shape.getBounds().width` and `shape.getBounds().height` which return the bounding box dimensions, but these should be cast or calculated as integers, and more critically, the arithmetic for the icon dimensions appears incorrect for the shape bounds that may have negative coordinates (e.g., Arc2D(-4, -4, 8, 8) has bounds starting at -4, so the width calculation is wrong)."
Chart,23,2,MinMaxCategoryRenderer.java,an arithmetic expression error,operator_swap,453,434,wrong,"LINE: 453  REASON: The shape bounds width calculation is incorrect because `shape.getBounds().width` returns the width of the bounding rectangle, but for shapes like `Arc2D.Double(-4, -4, 8, 8, ...)` and `Line2D.Double(-4, 0, 4, 0)`, the actual drawable dimensions should be calculated as the difference between max and min coordinates (e.g., `4 - (-4) = 8` for width), not by using `getBounds().width` which may not account for the shape's actual extent properly, causing an arithmetic error in icon dimension calculations."
Chart,22,1,KeyedObjects2D.java,a boundary or range handling error,off_by_one,112,231,pattern_matched_clean,"LINE: 112  REASON: The method calls `rowData.getObject(columnKey)` but should call `rowData.getObject(index)` since `getObject()` in KeyedObjects expects an integer index, not a Comparable key."
Chart,22,2,KeyedObjects2D.java,a boundary or range handling error,off_by_one,227,231,correct,"LINE: 227  REASON: The condition `if (row >= 0)` is redundant and always true at this point because a previous check already throws an exception if `row < 0`, making the else branch unreachable and causing a boundary logic error."
Chart,21,1,DefaultBoxAndWhiskerCategoryDataset.java,a boundary or range handling error,off_by_one,815,156,pattern_matched_clean,"LINE: 815  REASON: The condition in `updateBounds()` uses `minv < this.minimumRangeValue` without checking if `this.minimumRangeValue` is NaN first, causing incorrect comparisons when the minimum value is NaN (the initial state)."
Chart,21,2,DefaultBoxAndWhiskerCategoryDataset.java,a boundary or range handling error,off_by_one,150,156,wrong,"LINE: 150  REASON: The condition checking if the added item's row and column match the cached min/max value positions uses OR logic instead of AND logic, causing the bounds to be incorrectly recalculated when only one of the row or column indices matches, rather than when the entire cell is being replaced."
Chart,18,1,DefaultKeyedValues.java,a boundary or range handling error,off_by_one,271,318,pattern_matched_clean,"LINE: 271  REASON: The `insertValue` method should check if `position < 0 || position > getItemCount()` but after removing an existing item at position `pos`, the item count decreases, making the boundary check incorrect for the subsequent add operation when `pos < position`."
Chart,18,2,DefaultKeyedValues.java,a boundary or range handling error,off_by_one,323,318,correct,"LINE: 323  REASON: The condition `if (index < this.keys.size())` should be `if (index < this.keys.size() || index == this.keys.size())` or simply `else`, because the index map needs to be rebuilt whenever any removal occurs, not just when the removed index is not the last element.  Actually, more precisely:  LINE: 323  REASON: The condition `if (index < this.keys.size())` is incorrect because after removing an element at `index`, if that index was the last element (i.e., `index == this.keys.size()`), the index map still needs to be rebuilt to maintain consistency, so the condition should always rebuild or use `if (index <= this.keys.size())`."
Chart,17,1,TimeSeries.java,a boundary or range handling error,off_by_one,1007,857,pattern_matched_clean,"LINE: 1007  REASON: The condition `(latest - getTimePeriod(0).getSerialIndex()) > this.maximumItemAge` should use `>=` instead of `>` to properly handle the boundary case where the age equals the maximum allowed age, ensuring items at the exact boundary are removed."
Chart,17,2,TimeSeries.java,a boundary or range handling error,off_by_one,869,857,wrong,LINE: 869  REASON: The condition `(latest - getTimePeriod(0).getSerialIndex()) > this.maximumItemAge` should use `>=` instead of `>` to properly handle the boundary case where the age equals the maximum allowed age.
Chart,16,1,DefaultIntervalCategoryDataset.java,a boundary or range handling error,off_by_one,556,338,pattern_matched_clean,"LINE: 556  REASON: The boundary check uses `>` instead of `>=`, allowing an out-of-bounds access when `series` equals `getSeriesCount()`."
Chart,16,2,DefaultIntervalCategoryDataset.java,a boundary or range handling error,off_by_one,732,338,wrong,"LINE: 732  REASON: The method attempts to access `this.categoryKeys[column]` without checking if `categoryKeys` is null or if the column index is within bounds, which can cause a NullPointerException or ArrayIndexOutOfBoundsException when the dataset is empty or the column index is invalid."
Chart,15,1,PiePlot.java,a boundary or range handling error,off_by_one,433,1377,pattern_matched_clean,"LINE: 433  REASON: The `setInteriorGap()` method uses `>` instead of `>=` when checking the upper boundary, allowing the maximum interior gap value to be set when it should be rejected (the condition should reject values greater than or equal to MAX_INTERIOR_GAP)."
Chart,15,2,PiePlot.java,a boundary or range handling error,off_by_one,555,1377,wrong,LINE: 555  REASON: The `setInteriorGap()` method checks if `percent > MAX_INTERIOR_GAP` but should check if `percent >= MAX_INTERIOR_GAP` since the maximum value should not be allowed based on the boundary constraint definition.
Chart,14,1,CategoryPlot.java,a boundary or range handling error,off_by_one,,2164,malformed,"I need to analyze this code to find the boundary/range handling error.  Looking at the code, I need to identify where there's a range or boundary issue. Let me examine key methods that deal with ranges or boundaries.  The bug is related to the `getRangeAxisLocation(int index)` method. Let me check this method:  ```java public AxisLocation getRangeAxisLocation(int index) {     AxisLocation result = null;     if (index < this.rangeAxisLocations.size()) {         result = (AxisLocation) this.rangeAxisLocations.get(index);     }     if (result == null) {         result = AxisLocation.getOpposite(getRangeAxisLocation(0));     }     return result; } ```  The issue is that when `index >= this.rangeAxisLocations.size()`, the code doesn't check if `index` is a valid non-negative integer. However, the more critical issue is in the recursive call `getRangeAxisLocation(0)` when `result == null`. If `index == 0` and `result"
Chart,14,2,CategoryPlot.java,a boundary or range handling error,off_by_one,,2164,malformed,"Looking at this code, I need to identify a boundary or range handling error.  Let me examine the `removeDomainMarker` and `removeRangeMarker` methods carefully.  In the `removeDomainMarker(int index, Marker marker, Layer layer, boolean notify)` method around line 2434:  ```java public boolean removeDomainMarker(int index, Marker marker, Layer layer, 		boolean notify) {     ArrayList markers;     if (layer == Layer.FOREGROUND) {         markers = (ArrayList) this.foregroundDomainMarkers.get(new Integer(                 index));     }     else {         markers = (ArrayList) this.backgroundDomainMarkers.get(new Integer(                 index));     }     boolean removed = markers.remove(marker);     if (removed && notify) {         fireChangeEvent();     }     return removed; } ```  And similarly in `removeRangeMarker(int index, Marker marker, Layer layer, boolean notify)` around line 2637:  ```java public"
Chart,13,1,BorderArrangement.java,an arithmetic expression error,operator_swap,,455,malformed,"I need to analyze this code for an arithmetic expression error.  Let me examine the `arrangeFF` method carefully, as the comment in the header mentions ""Fixed bug in arrangeFF() method where width is too small for left and right blocks (DG)"".  Looking at the `arrangeFF` method (starting around line 479):  ```java protected Size2D arrangeFF(BlockContainer container, Graphics2D g2,                            RectangleConstraint constraint) {     double[] w = new double[5];     double[] h = new double[5];     w[0] = constraint.getWidth();     // ... top block arrangement ...     w[1] = w[0];     // ... bottom block arrangement ...     h[2] = constraint.getHeight() - h[1] - h[0];     // ... left block arrangement ...     h[3] = h[2];     // ... right block arrangement ...     h[4] = h[2];     w[4] = constraint.getWidth() - w[3] - w[2]; ```  The issue is"
Chart,13,2,BorderArrangement.java,an arithmetic expression error,operator_swap,467,455,wrong,"LINE: 467  REASON: The arithmetic expression for calculating the bottom block's Y position is incorrect; it should be `height - h[0] - h[1]` instead of `h[0] + h[2]` to properly account for the top block height, center block height, and bottom block placement."
Chart,12,1,MultiplePiePlot.java,a boundary or range handling error,off_by_one,366,145,pattern_matched_clean,"LINE: 366  REASON: The loop condition should use `<=` instead of `==` to properly handle the case when `row` reaches `displayRows - 1`, as the current condition only triggers the centering offset when `row` exactly equals `displayRows - 1`, which fails when `pieCount` is not evenly divisible by `displayCols` due to the increment happening after the check."
Chart,12,2,MultiplePiePlot.java,a boundary or range handling error,off_by_one,384,145,wrong,"LINE: 384  REASON: The boundary condition uses `displayRows - 1` when it should use `displayRows` because the last row's index is `displayRows - 1`, so the condition should check `if (row == displayRows - 1)` but only center offset when NOT on the last row, or the logic should check `row + 1 == displayRows` to properly detect when moving to the final row where centering is needed."
Chart,11,1,ShapeUtilities.java,an arithmetic expression error,operator_swap,491,275,pattern_matched_clean,"LINE: 491  REASON: The arithmetic expression `(x + width >= x0 && y + height >= y0 && x <= x0 + rect1.getWidth() && y <= y0 + rect1.getHeight())` is missing a subtraction operator; it should be `(x + width) >= x0` but the condition for the right edge should use `x0 + rect1.getWidth()` which is correct, however the fundamental issue is that the logic should check `x + width > x0` (not `>=`) to properly detect intersection, or more critically, the last two conditions should use `<=` to check if rect2's edges are within rect1's bounds, making the correct expression `(x + width > x0 && y + height > y0 && x < x0 + rect1.getWidth() && y < y0 + rect1.getHeight())` or the boundary conditions should properly account for the rectangle dimensions being subtracted."
Chart,11,2,ShapeUtilities.java,an arithmetic expression error,operator_swap,281,275,wrong,"LINE: 281  REASON: The second `PathIterator` should be initialized with `p2.getPathIterator(null)` instead of `p1.getPathIterator(null)`, causing the comparison to check the same path twice instead of comparing two different paths."
Chart,10,1,StandardToolTipTagFragmentGenerator.java,an arithmetic expression error,operator_swap,63,65,pattern_matched_clean,"LINE: 63 REASON: The arithmetic expression is missing the concatenation operator between the string literal and the method call result, causing a syntax error where two string values should be concatenated.  Actually, looking more carefully at line 63, I can see the code does have proper concatenation operators. Let me reconsider the actual bug.  LINE: 63 REASON: The string concatenation uses addition operator (+) implicitly through string literals on separate lines, but the proper concatenation should use explicit + operator between ""title=\"""" and the result of ImageMapUtilities.htmlEscape().  Upon further inspection, the code appears correct with proper + operators. Given this is marked as an arithmetic expression error bug, the issue is likely:  LINE: 63-64 REASON: Missing explicit concatenation operator (+) between the ImageMapUtilities.htmlEscape(toolTipText) return value and the string literal ""\"" alt=\""\"""".  **LINE: 63** **REASON: The concatenation is missing a plus operator (+) between the method call result and the final string literal ""\"" alt=\""\"""".**"
Chart,10,2,StandardToolTipTagFragmentGenerator.java,an arithmetic expression error,operator_swap,62,65,correct,"LINE: 62 REASON: The tooltip text is not being escaped for special HTML characters (like quotes and ampersands), which can break the HTML attribute syntax and potentially introduce security vulnerabilities."
Chart,9,1,TimeSeries.java,a boundary or range handling error,off_by_one,876,944,pattern_matched_clean,"LINE: 876 REASON: The boundary condition in the while loop should use `>=` instead of `>` to properly handle the case where the age equals the maximum, as the serial index difference should be strictly less than the maximum item age, not less than or equal to it."
Chart,9,2,TimeSeries.java,a boundary or range handling error,off_by_one,1103,944,wrong,"LINE: 1103 REASON: The boundary condition check `if (endIndex < 0)` should be `if (endIndex < startIndex)` because when `endIndex` is -1 (representing an invalid index after adjustment), it can still be valid if `startIndex` is also adjusted, but the current code incorrectly marks the range as empty when `endIndex` becomes -1 after the decrement operation."
Chart,8,1,Week.java,an arithmetic expression error,operator_swap,126,175,pattern_matched_clean,"LINE: 126  REASON: The condition uses `&&` (AND) instead of `||` (OR), so the validation will never trigger because a week cannot simultaneously be less than 1 AND greater than 53."
Chart,8,2,Week.java,an arithmetic expression error,operator_swap,124,175,wrong,"LINE: 124  REASON: The condition uses `&&` (AND) instead of `||` (OR), so the validation will never trigger because a week cannot simultaneously be less than 1 AND greater than 53."
Chart,7,1,TimePeriodValues.java,a boundary or range handling error,off_by_one,319,300,pattern_matched_clean,"LINE: 311  REASON: The calculation of `maxMiddle` uses integer division `(e - s) / 2` instead of `((e - s) / 2)` with proper long arithmetic, causing incorrect comparison when determining the maximum middle milliseconds boundary.  Actually, let me reconsider. Looking more carefully at line 311 and the surrounding context:  LINE: 318  REASON: The condition should check `this.maxMiddleIndex < 0` (not initialized) before comparing, but the code has `this.maxMiddleIndex >= 0`, which means it tries to access an uninitialized index when the list still has fewer items than expected, causing an array bounds issue or incorrect boundary tracking.  Let me examine once more - the actual bug based on the comment ""Fixed bug with maxMiddleIndex in updateBounds()"":  LINE: 319  REASON: The condition `if (middle > maxMiddle)` should use `>=` instead of `>` to properly handle the boundary case when multiple periods have the same middle value, ensuring the correct index is recorded.  After careful analysis:  LINE: 319  REASON: The middle"
Chart,7,2,TimePeriodValues.java,a boundary or range handling error,off_by_one,324,300,wrong,"LINE: 324  REASON: When updating `maxMiddleIndex`, the code incorrectly retrieves the middle value from `minMiddleIndex` instead of `maxMiddleIndex`, causing the maximum middle milliseconds index to be calculated based on the wrong reference value."
Chart,6,1,ShapeList.java,a boundary or range handling error,off_by_one,109,111,pattern_matched_clean,"LINE: 109 REASON: The equals() method fails to check if the sizes of the two ShapeList objects are equal before iterating through elements, which could cause an IndexOutOfBoundsException or miss detecting inequality when lists have different lengths."
Chart,6,2,ShapeList.java,a boundary or range handling error,off_by_one,160,111,wrong,"LINE: 160  REASON: The loop should iterate based on the count read from the stream, but when index is -1 (indicating a null shape), it still consumes a shape object from the stream without reading it, causing the deserialization to skip reading the next valid shape and resulting in misaligned data."
Chart,5,1,XYSeries.java,a boundary or range handling error,off_by_one,365,542,pattern_matched_clean,"LINE: 420  REASON: The boundary condition should be `index <= end` but the loop uses `index < end`, causing the last item at the `end` index to not be included in the copy when `createCopy(int start, int end)` is called.  Wait, let me reconsider. Looking at line 420 more carefully:  ```java for (int index = start; index <= end; index++) { ```  This actually does include the end index. Let me look at the actual bug location more carefully by examining the `delete` method around line 365:  ```java public void delete(int start, int end) {     for (int i = start; i <= end; i++) {         this.data.remove(start);     }     fireSeriesChanged(); } ```  The bug is that it always removes index `start` in the loop, when it should be removing incrementally or adjusting the index.  LINE: 365  REASON: The `delete` method always removes the element at index `start` in each iteration, which is incorrect; it should remove elements at the correct indices accounting for the shifting"
Chart,5,2,XYSeries.java,a boundary or range handling error,off_by_one,393,542,wrong,"LINE: 393  REASON: The condition `if (index < this.data.size())` should be `if (index <= this.data.size())` because when duplicates are allowed and index equals the list size, the item should still be added at that position (at the end), not skipped to the else clause which adds it again."
Chart,4,1,XYPlot.java,a boundary or range handling error,off_by_one,1835,4492,pattern_matched_clean,"LINE: 1835  REASON: The condition `if (i >= getDatasetCount())` should be `if (i >= rendererCount)` to correctly check bounds when the number of renderers exceeds the number of datasets, preventing ArrayIndexOutOfBoundsException when accessing renderers with an invalid index."
Chart,4,2,XYPlot.java,a boundary or range handling error,off_by_one,,4492,malformed,"I need to analyze this code to find the bug related to boundary or range handling.  Looking through the code, I found the issue in the `clearDomainMarkers(int index)` method. Let me examine it:  ```java public void clearDomainMarkers(int index) {     Integer key = new Integer(index);     if (this.backgroundDomainMarkers != null) {         Collection markers             = (Collection) this.backgroundDomainMarkers.get(key);         if (markers != null) {             Iterator iterator = markers.iterator();             while (iterator.hasNext()) {                 Marker m = (Marker) iterator.next();                 m.removeChangeListener(this);             }             markers.clear();         }     }     if (this.foregroundRangeMarkers != null) {  // BUG IS HERE         Collection markers             = (Collection) this.foregroundDomainMarkers.get(key);         if (markers != null) {             Iterator iterator = markers.iterator();             while (iterator.hasNext())"
Chart,3,1,TimeSeries.java,a boundary or range handling error,off_by_one,982,1056,pattern_matched_clean,"LINE: 982  REASON: The call to `minIgnoreNaN` should be `maxIgnoreNaN` when updating `this.maxY` in the `addOrUpdate` method, as the maximum value should use the max function, not the min function."
Chart,3,2,TimeSeries.java,a boundary or range handling error,off_by_one,1024,1056,wrong,"LINE: 1024  REASON: The `maxIgnoreNaN` method is called instead of `minIgnoreNaN` when updating `maxY` in the `addOrUpdate` method, causing incorrect maximum value calculation."
Chart,2,1,DatasetUtilities.java,a boundary or range handling error,off_by_one,1033,754,pattern_matched_clean,LINE: 1033  REASON: The loop condition should be `item < itemCount` instead of `item <= itemCount - 1` to prevent potential array index out of bounds errors when iterating through dataset items.
Chart,2,2,DatasetUtilities.java,a boundary or range handling error,off_by_one,,754,malformed,"I need to analyze this code for boundary or range handling errors in the Defects4J Chart project bug ID 2.  Looking through the code, I need to find issues related to boundary or range handling. Let me examine the key methods that deal with ranges and bounds.  In the `iterateDomainBounds` method (around line 770-800), I notice there's a logic issue:  ```java for (int series = 0; series < seriesCount; series++) {     int itemCount = dataset.getItemCount(series);     for (int item = 0; item < itemCount; item++) {         lvalue = dataset.getXValue(series, item);         uvalue = lvalue;         if (!Double.isNaN(lvalue)) {             minimum = Math.min(minimum, lvalue);             maximum = Math.max(maximum, uvalue);         }     } } ```  The issue is that both `lvalue` and `uvalue` are set to the same value (`lvalue`), but then both are used to update minimum and maximum. However, looking more carefully at the"
Chart,1,1,AbstractCategoryItemRenderer.java,a boundary or range handling error,off_by_one,1025,1797,pattern_matched_clean,"LINE: 1025  REASON: The boundary check `for (int i = seriesCount - 1; i >= 0; i--)` should start at `i = seriesCount - 1` but when `seriesCount` is 0, this creates an off-by-one error in the descending iteration that could cause an array index out of bounds exception in `getLegendItem(index, i)`."
Chart,1,2,AbstractCategoryItemRenderer.java,a boundary or range handling error,off_by_one,1504,1797,wrong,"LINE: 1504  REASON: The method returns early if `dataset != null`, but it should return early if `dataset == null`, causing the legend items to never be generated when a dataset exists."
