project,bug_id,language,tier,expected,verdict,correct,response
project,bug_id,language,tier,expected,verdict,correct,response
black,1,python,1,NO BUG,NO BUG,True,"VERDICT: NO BUG  REASON: The import statements shown are syntactically correct and follow proper Python conventions with standard library imports listed first, followed by third-party imports, with no circular dependencies or obvious issues in the visible code section."
black,1,python,2,BUG,NO BUG,False,"VERDICT: NO BUG  REASON: The import section shown contains valid Python imports with proper syntax, correct module names, and appropriate use of standard library and third-party packages (ast, asyncio, collections, concurrent.futures, pathlib, click, toml, etc.), with no obvious circular dependencies, naming conflicts, or import errors visible in the provided code excerpt."
black,1,python,3,BUG,NO BUG,False,"VERDICT: NO BUG  REASON: The import statements shown are all valid Python imports with correct syntax, proper module names, and no apparent issues such as circular dependencies, non-existent modules, or malformed import statements."
black,1,python,4,BUG,NO BUG,False,"VERDICT: NO BUG  REASON: The code shown is a standard set of imports from the Black code formatter with no syntax errors, undefined references, or logical issues visible in the import section itself."
black,1,python,5,BUG,NO BUG,False,"VERDICT: NO BUG  REASON: The code snippet shows only imports and no executable logic, so there are no bugs present in the provided portion; however, a complete review would require examining the actual function and class implementations that follow the truncated section."
black,10,python,1,NO BUG,NO BUG,True,"VERDICT: NO BUG  REASON: The code initializes variables (`type`, `value`, `start`, `end`, `line_text`) to `None` before the loop and then unpacks them from the `quintuple` in each iteration, which is a safe pattern that avoids UnboundLocalError even if the loop doesn't execute."
black,10,python,2,BUG,NO BUG,False,"VERDICT: NO BUG  REASON: The code initializes `type`, `value`, `start`, `end`, and `line_text` to `None` before the loop, and then immediately unpacks these variables from the `quintuple` in the first iteration, which is the correct pattern for handling token tuples in a parser driver."
black,10,python,3,BUG,NO BUG,False,"VERDICT: NO BUG  REASON: The code initializes `type`, `value`, `start`, `end`, and `line_text` to `None` before the loop, and then immediately unpacks these variables from each `quintuple` in the loop, which is a safe and valid pattern that avoids undefined variable errors."
black,10,python,4,BUG,NO BUG,False,"VERDICT: NO BUG  REASON: The code initializes `type`, `value`, `start`, `end`, and `line_text` to `None` before the loop, then immediately unpacks these variables from each `quintuple` in the loop, which is a safe and correct pattern for handling tuple unpacking in iteration."
black,10,python,5,BUG,NO BUG,False,"VERDICT: NO BUG  REASON: The code shown initializes variables (`tok_type`, `tok_value`, `start_pos`, `end_pos`, `line_content`) to `None` before the loop and then unpacks them from `tuple_five` in the loop, which is a safe pattern that prevents potential `UnboundLocalError` exceptions if the loop doesn't execute or if the code later references these variables outside the loop scope."
black,11,python,1,NO BUG,NO BUG,True,"VERDICT: NO BUG  REASON: The code shown is a valid collection of imports with no syntax errors, undefined references, or logical inconsistencies that would prevent execution."
black,11,python,2,BUG,NO BUG,False,"I cannot definitively determine if there is a bug in this code because **only the import section is provided**.   To properly review for bugs, I would need to see: - The actual function and class implementations - How these imported modules are used - Logic flow and conditional statements - Variable assignments and operations  The import statements themselves appear syntactically correct and well-organized.  **VERDICT: INCONCLUSIVE - INSUFFICIENT CODE**  **REASON:** Only import statements are shown; actual implementation logic is needed to identify bugs.  If you can provide the full implementation code or a specific function/section you'd like reviewed, I can give a definitive verdict."
black,11,python,3,BUG,NO BUG,False,"I cannot determine if there is a bug in this code based on what you've provided.  VERDICT: INSUFFICIENT INFORMATION REASON: Only the import statements and header of black.py were provided, without any actual function or class implementations to analyze.  If you'd like me to review the code for bugs, please provide the complete function or class definitions that contain the logic you want me to examine."
black,11,python,4,BUG,NO BUG,False,"I cannot definitively determine if there is a bug in this code segment because:  1. **Only imports are shown**: The code snippet provided contains only import statements and no actual logic to review.  2. **No function/class implementation**: Without seeing the actual function or class implementations that use these imports, it's impossible to identify logical errors, misused APIs, or runtime bugs.  3. **Imports appear valid**: All the import statements shown are syntactically correct and reference real modules (standard library and common packages like `click`, `toml`, `attr`, `appdirs`, and `blib2to3`).  **VERDICT: NO BUG**  **REASON: The provided code contains only import statements which are syntactically valid, and no executable logic that could contain bugs.**  (Note: To properly review this code for bugs, please provide the actual implementation details beyond the imports.)"
black,11,python,5,BUG,NO BUG,False,"I need to see the actual code logic to identify bugs. The excerpt you've provided only shows imports and version declaration, which don't contain executable logic that could contain bugs.  Could you please provide the actual function or code block you'd like me to review? A bug would typically be found in: - Function implementations - Logic statements (if/else, loops, etc.) - Variable assignments and usage - Return statements - Function calls with incorrect arguments  Please share the specific code section you'd like analyzed."
black,12,python,1,NO BUG,NO BUG,True,"I cannot definitively determine if there is a bug in this code snippet because you've only provided the imports and version declaration, with the rest truncated.   To properly review this code for bugs, I would need to see: - The actual function and class implementations - How the imported modules are being used - Any logic that could contain errors  **VERDICT: INSUFFICIENT INFORMATION**  **REASON: Only imports and a version string are shown; the actual implementation code is truncated, making bug detection impossible.**  If you'd like me to review the full code or a specific function, please provide the complete implementation."
black,12,python,2,BUG,NO BUG,False,I cannot determine if there is a bug in this code based on what you've provided.  VERDICT: UNABLE TO ASSESS  REASON: Only the imports and version string are shown; the actual function and class implementations where bugs typically occur are truncated and not visible for review.
black,12,python,3,BUG,NO BUG,False,"I don't see a bug in this code snippet. This appears to be the import section and version declaration of the black.py file, which is the Python code formatter.  The imports are: - Standard library modules (asyncio, datetime, enum, functools, etc.) - Third-party libraries (appdirs, attr, click, toml) - lib2to3 fork modules (blib2to3)  All imports appear to be valid and properly structured. The `__version__` assignment is also correct syntax.  **VERDICT: NO BUG**  **REASON: The import statements and version declaration are syntactically correct with no apparent logical errors or problematic dependencies.**"
black,12,python,4,BUG,NO BUG,False,"I don't see a clear bug in the provided code snippet. This appears to be the import section and version declaration from Black's `black.py` file, which looks syntactically correct:  - All imports are valid and properly formatted - The version string is properly assigned - There are no obvious logical errors in this excerpt  However, I cannot make a complete determination without seeing more of the code, particularly the functions and logic that use these imports.  VERDICT: NO BUG  REASON: The import statements and version declaration are syntactically correct with no apparent logical errors in the provided code excerpt."
black,12,python,5,BUG,NO BUG,False,"I cannot provide a reliable verdict on this code snippet because:  1. The code is heavily truncated (ends with `... (truncated)`) 2. Only imports and constants are visible 3. No actual function or class implementations are shown 4. Bugs typically exist in logic implementations, not import statements  VERDICT: INCONCLUSIVE  REASON: The provided code excerpt contains only imports and version information with no functional logic to review for bugs."
black,13,python,1,NO BUG,NO BUG,True,"VERDICT: NO BUG  REASON: The visible code snippet shows standard tokenizer setup with proper imports, helper functions, and Python 2/3 compatibility handling, with no logical errors detectable in the shown portion."
black,13,python,2,BUG,NO BUG,False,"I don't have enough information to make a definitive determination based on the code snippet provided.  The excerpt shows: - Copyright and docstring headers - Import statements - Helper functions (`group`, `any`, `maybe`) - A bytes compatibility shim for Python 2  However, the actual tokenization logic is truncated (indicated by `... (truncated)`), which is where bugs would typically exist in a tokenizer.  **To properly review this code, I would need to see:** - The complete token pattern definitions - The `generate_tokens()` function implementation - The regex patterns used for tokenization - Any state management logic  VERDICT: UNABLE TO DETERMINE  REASON: The critical tokenization logic is truncated, making it impossible to identify potential bugs in pattern matching, state handling, or token generation."
black,13,python,3,BUG,NO BUG,False,"I cannot determine if there is a bug in this code based on the provided excerpt because the code is truncated at a critical point. The visible portion shows:  1. Import statements and module setup 2. Helper regex functions (`group`, `any`, `maybe`) 3. The beginning of what appears to be tokenization pattern definitions  Since the actual tokenization logic, pattern definitions, and the `generate_tokens()` function are cut off (indicated by `... (truncated)`), I cannot perform a complete code review to identify potential bugs.  **VERDICT: INCONCLUSIVE**  **REASON: The provided code excerpt is incomplete and truncated before the main tokenization logic and critical pattern definitions, making it impossible to identify bugs with certainty.**  To properly review this code, please provide the complete file or at least the full implementations of the key functions like `generate_tokens()` and the complete token pattern definitions."
black,13,python,4,BUG,NO BUG,False,"VERDICT: NO BUG  REASON: The provided code excerpt contains standard tokenization setup with proper imports, helper functions, and Python 2/3 compatibility handling (bytes type definition), with no apparent logical errors in the visible portion."
black,13,python,5,BUG,NO BUG,False,"VERDICT: NO BUG  REASON: The provided code excerpt shows imports, module docstring, and helper function definitions that are all syntactically correct and logically sound; without seeing the actual implementation of `generate_tokens()` and other functions, there are no discernible bugs in this fragment."
black,14,python,1,NO BUG,NO BUG,True,"I don't have enough context to make a definitive determination. The code snippet provided only shows imports and a version string, with the rest truncated (`... (truncated)`).  However, based solely on what is visible:  **VERDICT: NO BUG**  **REASON: The import statements and version declaration shown are syntactically correct with no apparent logical errors in this fragment.**  To properly review this code for bugs, I would need to see the actual function and class implementations that follow these imports."
black,14,python,2,BUG,NO BUG,False,"I need to analyze this code snippet for bugs. This appears to be the beginning of the black.py file with imports and some initial constants.  Let me examine the imports and initial code:  1. The imports appear to be standard and properly structured 2. `__version__ = ""18.6b4""` is a valid string assignment 3. `DEFAULT_LINE_LENGTH = 88` is a valid integer assignment 4. All imported modules exist and are correctly referenced 5. The imports follow proper Python conventions  The code snippet shown is just the imports section and two constant definitions. There are no obvious syntax errors, logic errors, or reference errors in what's provided.  However, I notice the code is truncated (`... (truncated)`), so I can only review what's visible. The visible portion appears syntactically correct with no apparent bugs.  Without seeing the actual implementation code that follows (which is truncated), and based solely on the imports and constant definitions shown, there are no identifiable bugs in this section.  VERDICT: NO BUG REASON: The import statements are all valid, syntax is correct, and the constant assignments are properly formatted with no apparent errors in the visible code"
black,14,python,3,BUG,NO BUG,False,"I don't have enough context to definitively determine if there's a bug in this code snippet. What you've provided is only the import section and version declaration of the black.py file, which is syntactically correct.  **VERDICT: NO BUG**  **REASON: The provided code snippet contains only imports and a version assignment, which are syntactically valid Python with no apparent logical errors.**  Note: To properly review black.py for bugs, I would need to see the actual function implementations and logic, not just the imports and module-level declarations."
black,14,python,4,BUG,NO BUG,False,"I don't see enough context to make a determination. You've provided only the imports section of the file, which contains no executable logic or function/class definitions where bugs would typically occur.  **VERDICT: INCONCLUSIVE**  **REASON: Only import statements are shown, which cannot contain logical bugs without seeing the actual code implementation that follows.**  To properly review this code for bugs, I would need to see the function and class definitions, their implementations, and how they use these imported modules."
black,14,python,5,BUG,NO BUG,False,"VERDICT: NO BUG  REASON: The provided code snippet is a standard set of imports and initial constants with no logical errors, syntax errors, or obvious bugs visible in this excerpt."
black,15,python,1,NO BUG,NO BUG,True,"I cannot definitively identify a bug in the provided code snippet because:  1. Only imports and version/constant definitions are shown 2. No actual function or class logic is provided (code is truncated) 3. Without seeing the implemented functions, I cannot detect logical errors  VERDICT: INSUFFICIENT DATA REASON: The code snippet only contains imports and constants with the main implementation truncated, making it impossible to identify bugs without reviewing the actual logic.  If you can provide the complete function implementations, I can perform a thorough bug review."
black,15,python,2,BUG,NO BUG,False,"I cannot definitively determine if there is a bug in this code because you've only provided the imports section and the version declaration, with the rest truncated.   To properly review for bugs, I would need to see: - The actual function and class implementations - How the imported modules are used - The logic flow and variable assignments - Any potential runtime errors or logic flaws  **VERDICT: INSUFFICIENT INFORMATION**  **REASON: Only import statements and version declaration are shown; the actual code implementation is truncated and cannot be analyzed for bugs.**  If you can provide the complete code or specific functions you'd like reviewed, I'd be happy to identify any bugs."
black,15,python,3,BUG,NO BUG,False,I cannot determine if this code contains a bug based on the provided excerpt.  VERDICT: INSUFFICIENT INFORMATION  REASON: Only imports and constants are shown; the actual function and class implementations that would contain potential bugs are truncated and not visible for review.
black,15,python,4,BUG,NO BUG,False,"I don't have enough information to determine if there's a bug in this code snippet.  VERDICT: NO BUG REASON: The provided code only contains imports and a version assignment, which are syntactically correct with no logical errors visible.  Note: A complete bug review would require seeing the actual function and class implementations in the file, not just the imports and metadata."
black,15,python,5,BUG,NO BUG,False,"I don't see the complete code, but based on the imports and setup shown, I cannot identify a bug in this excerpt alone. The imports appear well-formed, the version string and constants are properly defined, and there are no obvious syntax errors visible.  However, without seeing the actual function implementations and logic that follows the truncated section, I cannot perform a thorough review.  VERDICT: NO BUG  REASON: The visible code segment shows properly formatted imports and constant definitions with no apparent syntax or logical errors, though a complete review would require seeing the full implementation."
black,2,python,1,NO BUG,NO BUG,True,"I don't have enough information to make a definitive determination because the code shown is only the import section of black.py, which appears to be complete and syntactically correct. However, I can note that without seeing the actual function implementations and logic that follows these imports, I cannot identify any runtime bugs.  That said, if you're asking me to review just what's shown:  VERDICT: NO BUG  REASON: The import statements are syntactically valid and follow proper Python conventions with no obvious issues in the shown code snippet.  However, if there is a bug in the actual black.py file, please share the relevant function implementations where the bug manifests, as bugs typically occur in the logic of functions rather than in import statements."
black,2,python,2,BUG,NO BUG,False,"VERDICT: NO BUG  REASON: The provided code snippet is only imports and does not contain any executable logic that could contain a bug; all imports appear to be valid standard library, third-party, and internal modules."
black,2,python,3,BUG,NO BUG,False,"I don't have enough information to provide a verdict because the code snippet you've provided only shows imports and is truncated before any actual functional code.  To properly review for bugs, I would need to see: 1. The complete function and class definitions 2. The actual logic implementation 3. How the imported modules are being used  VERDICT: UNABLE TO DETERMINE REASON: The provided code contains only imports and a truncation marker, with no actual functional code to analyze for bugs.  Please provide the complete function or class definition you'd like me to review."
black,2,python,4,BUG,NO BUG,False,"VERDICT: NO BUG  REASON: The provided code snippet is a series of import statements with no executable logic, so there are no logical errors, syntax errors, or type mismatches present to constitute a bug."
black,2,python,5,BUG,NO BUG,False,"VERDICT: NO BUG  REASON: The imports shown are all valid standard library, third-party, and internal module imports with correct syntax and no obvious circular dependencies or missing modules in the context of the Black formatter project."
black,3,python,1,NO BUG,NO BUG,True,"I need to analyze this code snippet for bugs. Let me examine the imports and structure carefully.  Looking at the imports, I can see: 1. Standard library imports 2. Third-party imports like `click`, `toml`, `pathspec`, etc. 3. Type hints from `typing` and `typing_extensions` 4. A comment indicating ""lib2to3 fork"" with ellipsis (`...`)  The key issue I notice is:  The imports section ends with `from pathspec import PathSpec` followed by a comment `# lib2to3 fork` and then `... (truncated)`. However, the truncation indicator suggests this is incomplete code being shown to me.  More critically, looking at the actual imports that are present: the code imports from `typed_ast import ast3, ast27` but never shows these being used in the truncated portion. However, the actual bug is more subtle:  The import statement `import regex as re` imports the `regex` module and aliases it as `re`. This is problematic because the standard library's `re` module has different behavior and API than the `regex` module, and later code that uses `re"
black,3,python,2,BUG,NO BUG,False,"VERDICT: NO BUG  REASON: The code snippet shows only imports and module declarations without any executable logic, so there are no apparent bugs in the syntax or structure of the code provided."
black,3,python,3,BUG,NO BUG,False,"I don't have enough context to definitively identify a bug in this code snippet, as it only contains imports and no actual implementation logic is shown (the code is truncated with `...`).  However, I can note a potential issue: the code imports `regex as re`, which replaces the standard `re` module with the `regex` library. If the rest of the code expects standard `re` module behavior that differs from `regex`, this could cause subtle bugs, but this is more of a design choice than a clear bug.  VERDICT: NO BUG  REASON: The imports section shown contains no syntactic errors or obvious logical bugs; the truncation prevents full analysis of actual implementation code where bugs would manifest."
black,3,python,4,BUG,NO BUG,False,VERDICT: NO BUG  REASON: The code shown is a collection of import statements and module declarations with no executable logic that could contain a runtime or logical error.
black,3,python,5,BUG,NO BUG,False,"VERDICT: NO BUG  REASON: The import statements are all syntactically correct and use standard library modules, third-party packages, and typing constructs that are appropriately imported with no circular dependencies or missing modules evident in this section."
black,4,python,1,NO BUG,NO BUG,True,"I cannot provide a complete verdict based on the code snippet provided, as it only contains imports and no actual functional code to analyze for bugs.  VERDICT: INSUFFICIENT DATA REASON: The provided code excerpt contains only import statements with no implementation logic to review for bugs.  If you have a specific function or code section from black.py that you'd like me to review, please provide that implementation."
black,4,python,2,BUG,NO BUG,False,"VERDICT: NO BUG  REASON: The code shown is a collection of import statements with no logic that could contain a runtime error; all imports appear to be from valid, commonly-available packages (ast, asyncio, click, toml, blib2to3, etc.) with correct syntax."
black,4,python,3,BUG,NO BUG,False,"I cannot provide a verdict based on this code excerpt because **only import statements are shown**. The code snippet contains no executable logic, function definitions, or operations that could contain a bug.  To properly review this code for bugs, I would need to see: - Function implementations - Class definitions with methods - Logic operations and variable assignments - Conditional statements or loops  **Please provide the actual functional code** from black.py that you'd like me to review."
black,4,python,4,BUG,NO BUG,False,"I cannot determine if there is a bug in this code snippet because only the import statements are shown. The code is truncated at the comment `# lib2to3 fork`, and no actual function implementations or logic is provided for review.  VERDICT: INSUFFICIENT DATA  REASON: The code excerpt contains only import statements with no function definitions or executable logic to analyze for bugs."
black,4,python,5,BUG,NO BUG,False,"I don't see a bug in this code snippet. This appears to be a series of import statements from the `black.py` file, which are all properly formatted and syntactically correct. All imports are valid Python modules or submodules, the `from ... import ...` statements have proper syntax, and there are no obvious typos or logical errors in the import section itself.  However, I should note that without seeing the actual function implementations and logic that follows these imports, I cannot definitively rule out bugs in the broader codebase—only that this particular import section appears sound.  VERDICT: NO BUG  REASON: The import statements are syntactically correct with no obvious errors in module names, aliases, or import structure."
black,5,python,1,NO BUG,NO BUG,True,VERDICT: NO BUG  REASON: The provided code snippet is only import statements and type definitions with no executable logic that could contain a runtime bug.
black,5,python,2,BUG,NO BUG,False,I cannot determine if this code contains a bug based solely on the provided excerpt.  VERDICT: INSUFFICIENT INFORMATION REASON: Only import statements and partial code are shown; the actual function implementations and logic where bugs would manifest are not included in the review.
black,5,python,3,BUG,NO BUG,False,"I don't have enough information to make a reliable determination because:  1. The code snippet provided only contains imports and is truncated with `... (truncated)` 2. No actual function implementations or logic are shown 3. A bug would typically exist in the executable code logic, not in import statements 4. The imports themselves appear syntactically correct  VERDICT: INSUFFICIENT DATA  REASON: The code snippet contains only imports and is truncated, making it impossible to identify bugs in the actual implementation logic."
black,5,python,4,BUG,NO BUG,False,VERDICT: NO BUG  REASON: The code snippet shown is only imports and type definitions with no executable logic that could contain a bug; any actual bugs would be in the code that follows the truncation.
black,5,python,5,BUG,NO BUG,False,"I cannot provide a verdict on this code snippet because it only contains import statements and no actual functional code to review for bugs.  VERDICT: INSUFFICIENT DATA REASON: The provided code excerpt consists solely of import statements with no executable logic or functions to analyze for potential bugs.  If you'd like me to review code for bugs, please provide a function or code block that contains actual implementation logic."
black,6,python,1,NO BUG,NO BUG,True,"I don't see a clear bug in the imports section provided. However, I cannot fully assess the code for bugs because:  1. Only the import statements are shown (the actual logic is truncated with `... (truncated)`) 2. A proper bug review requires seeing the function implementations and how these imports are used  VERDICT: NO BUG REASON: The import statements shown are syntactically correct and properly formatted, though a complete bug review would require examination of the actual code logic following the imports."
black,6,python,2,BUG,NO BUG,False,VERDICT: NO BUG  REASON: The provided code snippet is only import statements and does not contain any executable logic that could contain a bug; a complete analysis would require reviewing the actual function and class implementations that follow the truncated section.
black,6,python,3,BUG,NO BUG,False,VERDICT: NO BUG  REASON: The code shown is an import section with no logic that could contain a bug; all imports appear to be valid and properly formatted.
black,6,python,4,BUG,NO BUG,False,"I cannot definitively determine if this code contains a bug based solely on the imports section shown.   The code snippet provided only includes import statements and no actual executable logic. To identify bugs, I would need to review:  1. Function and class definitions 2. Control flow logic 3. Variable usage and assignments 4. Function calls and their arguments 5. Type handling and edge cases  **VERDICT: INSUFFICIENT DATA**  **REASON: Only import statements are provided without any function implementations or logic to analyze for bugs.**  If you can provide the actual function implementations and logic from black.py, I can perform a thorough bug review."
black,6,python,5,BUG,NO BUG,False,VERDICT: NO BUG  REASON: The provided code is only imports and does not contain any executable logic that could contain a bug; it is a valid import section that follows Python conventions with proper syntax and organization.
black,7,python,1,NO BUG,NO BUG,True,"I cannot definitively identify a bug in this code snippet because:  1. This is only the import section of the file (the actual logic is truncated with `...`) 2. The imports themselves appear syntactically correct 3. No function definitions or executable code are present to analyze for logical errors  VERDICT: NO BUG REASON: The import statements shown are syntactically valid and contain no obvious errors, though a complete review would require examining the actual function implementations."
black,7,python,2,BUG,NO BUG,False,"I cannot definitively determine if this code contains a bug based on the provided excerpt alone.  VERDICT: NO BUG  REASON: The provided code snippet only shows imports and does not contain any executable logic, so no functional bugs can be identified from the imports themselves."
black,7,python,3,BUG,NO BUG,False,"I don't see a bug in the code snippet provided. The imports are well-organized and follow Python conventions, with standard library imports listed first, followed by third-party imports. All imported modules and objects appear to exist and are correctly referenced.  However, I should note that you've only provided the import section of the file (which is truncated), so I cannot perform a complete review of the entire `black.py` file. Any bugs would likely be in the actual implementation code that follows these imports, not in the imports themselves.  VERDICT: NO BUG  REASON: The import section shown contains no syntax errors or references to non-existent modules; a complete code review would require examining the implementation logic that follows the truncated section."
black,7,python,4,BUG,NO BUG,False,"I don't see a bug in the code excerpt provided. The imports are well-organized, use appropriate typing hints, and follow Python conventions. All imported modules and names appear to be valid and properly referenced.  However, I should note that you've only shown the import section of the file. To properly review black.py for bugs, I would need to see the actual function and class implementations where logic errors are more likely to occur.  **VERDICT: NO BUG**  **REASON: The import section shown contains no syntax errors, invalid module references, or circular dependencies that would constitute a bug.**"
black,7,python,5,BUG,NO BUG,False,"I don't have enough information to determine if there's a bug in this code snippet.  VERDICT: NO BUG REASON: The provided code is only import statements and type definitions, which are syntactically correct and cannot contain logical bugs without seeing the actual function implementations that follow."
black,8,python,1,NO BUG,NO BUG,True,"I need to review this code snippet for bugs. However, I'm looking at what appears to be just the imports section of a Python file called `black.py`.   The imports themselves are syntactically valid - all modules being imported exist (or are expected to exist in the Black project), the import statements use correct syntax, and there are no obvious issues like circular imports or invalid module names shown here.  Without seeing the actual function implementations and logic that follow these imports, I cannot definitively identify a bug in the code as presented.  **VERDICT: NO BUG**  **REASON: The import statements shown are syntactically correct and contain no apparent errors, though a complete review would require examining the actual function implementations that follow.**"
black,8,python,2,BUG,NO BUG,False,"I cannot definitively determine if this code contains a bug based solely on the imports and truncated content provided.  VERDICT: NO BUG REASON: The provided code snippet only shows imports and no executable logic, so no bugs can be identified in the visible portion."
black,8,python,3,BUG,NO BUG,False,"I cannot definitively identify a bug in this code snippet because:  1. This is only the imports section of the file 2. The actual implementation code is truncated (indicated by `... (truncated)`) 3. No executable logic is present to analyze for runtime errors, logic flaws, or type issues  VERDICT: NO BUG REASON: The imports section shown contains no syntax errors or obvious issues, though a complete review would require examining the full implementation code."
black,8,python,4,BUG,NO BUG,False,"I cannot determine if there is a bug in this code based on what you've provided.  VERDICT: CANNOT ASSESS  REASON: Only import statements and incomplete code are shown; the actual logic and functionality needed to identify bugs is truncated and not visible.  To properly review for bugs, I would need to see the complete function/class implementations and their logic."
black,8,python,5,BUG,NO BUG,False,"I cannot provide a verdict based on the code snippet provided because it only contains import statements. To identify bugs, I would need to see:  1. Function definitions and their implementations 2. Class definitions and their methods 3. Logic that could contain errors 4. How imported modules are actually used  **Please provide the actual implementation code** (the part after the imports marked as ""... (truncated)"") so I can review it for bugs."
black,9,python,1,NO BUG,NO BUG,True,"I don't have enough context to determine if there's a bug in this code snippet. The provided code only shows:  1. A series of import statements 2. A comment indicating truncation (`... (truncated)`)  **To properly review this code for bugs, I would need:** - The complete function and class implementations - The actual logic being executed - Context about what the code is supposed to do  **VERDICT: INSUFFICIENT INFORMATION**  **REASON: Only import statements are visible; the actual implementation code is truncated and cannot be analyzed for bugs.**  If you can provide the complete code or specific functions/classes you'd like reviewed, I'd be happy to analyze them for bugs."
black,9,python,2,BUG,NO BUG,False,"I don't see a bug in the provided code snippet. This appears to be the import section of the Black code formatter's main module, and all the imports are valid Python statements from standard library modules and external packages that Black depends on (click, toml, appdirs, attr, blib2to3).  VERDICT: NO BUG REASON: The import statements are all syntactically correct and reference legitimate modules that Black depends on for its functionality."
black,9,python,3,BUG,NO BUG,False,"I don't have enough context to make a reliable determination. The code snippet you've provided only shows imports and the beginning of a file - there's no actual implementation logic (indicated by the `... (truncated)` comment) where bugs would typically manifest.  However, if you're asking me to review just what's shown:  **VERDICT: NO BUG**  **REASON: The import statements are syntactically correct and follow proper Python conventions with no obvious issues in the visible portion.**  To properly review this code for bugs, I would need to see: - Function definitions and their implementations - Class definitions and methods - The actual logic where errors could occur - Any use of the imported modules  Please provide the complete implementation code you'd like me to review."
black,9,python,4,BUG,NO BUG,False,"I don't see the actual code to review in your message. You've provided the imports section of black.py, but the instruction says you've included code to review for bugs. The imports themselves appear syntactically correct.  Could you please provide the actual function or code block you'd like me to review? For example, I'd need to see something like:  ```python def some_function():     # actual implementation code here     pass ```  Once you share the specific code section, I'll be able to analyze it and provide a verdict in the format you requested."
black,9,python,5,BUG,NO BUG,False,"I don't have enough information to determine if there's a bug in this code snippet.  VERDICT: INSUFFICIENT DATA REASON: Only imports and type definitions are shown; the actual implementation logic needed to identify bugs is truncated, so no functional code can be reviewed.  If you'd like me to review this code for bugs, please provide the complete implementation section after the imports."
pandas,1,python,1,NO BUG,NO BUG,True,"VERDICT: NO BUG  REASON: The provided code snippet is incomplete (truncated with `...`), but the visible portions show standard imports, type hints, and the beginning of a set comprehension that all follow valid Python syntax with no apparent logical errors."
pandas,1,python,2,BUG,NO BUG,False,"VERDICT: NO BUG  REASON: The code snippet shown is a module header with imports and the beginning of a constant definition that appears syntactically correct; without seeing the complete implementation of `_POSSIBLY_CAST_DTYPES` and other functions in the file, no bugs can be identified in the visible portion."
pandas,1,python,3,BUG,NO BUG,False,"VERDICT: NO BUG  REASON: The code snippet shows only import statements and the beginning of a set comprehension for `_POSSIBLY_CAST_DTYPES`, which are syntactically correct; without seeing the complete definition or function implementations, there is no evident bug in the visible portion."
pandas,1,python,4,BUG,NO BUG,False,"VERDICT: NO BUG  REASON: The code snippet shown is incomplete (truncated), but the visible portions demonstrate proper imports, type hints, and the beginning of a constants definition with correct syntax - there are no apparent logical errors, syntax errors, or type inconsistencies in the shown code."
pandas,1,python,5,BUG,NO BUG,False,"VERDICT: NO BUG  REASON: The code snippet shows only imports, type definitions, and the beginning of a set comprehension for `_POSSIBLY_CAST_DTYPES` which are all syntactically correct; without seeing the complete implementation of functions and their logic, no definitive bug can be identified in the provided excerpt."
pandas,10,python,1,NO BUG,NO BUG,True,"VERDICT: NO BUG  REASON: The provided code snippet only contains import statements and no executable logic, so there are no functional bugs present in the shown portion."
pandas,10,python,2,BUG,NO BUG,False,"I cannot determine if there is a bug in this code because only the imports section is shown. The imports section itself appears syntactically correct with proper module references and function names.  VERDICT: NO BUG  REASON: The import statements shown are syntactically valid and properly formatted, though a complete analysis would require reviewing the actual function implementations in the truncated portions of the file."
pandas,10,python,3,BUG,NO BUG,False,"I cannot provide a definitive verdict on this code because you've only provided the imports section of the file, not the actual code implementation where bugs would manifest.  VERDICT: INSUFFICIENT INFORMATION  REASON: Only import statements are shown; the actual function and class implementations where bugs could exist are truncated and not provided for review."
pandas,10,python,4,BUG,NO BUG,False,VERDICT: NO BUG  REASON: The provided code snippet consists only of imports and does not contain any executable logic that could contain a bug; it is a standard module header with proper import statements from pandas libraries.
pandas,10,python,5,BUG,NO BUG,False,"I cannot provide a complete review of this code because:  1. **Incomplete code snippet**: The code provided is only imports and is truncated (indicated by `... (truncated)`). There are no actual function or class implementations to review for bugs.  2. **No logic to analyze**: Bug detection requires examining the actual implementation logic, control flow, variable assignments, and method calls - none of which are present in this excerpt.  VERDICT: INSUFFICIENT DATA  REASON: The provided code contains only import statements and no implementation logic to review for bugs.  To properly review this file for bugs, please provide the actual function or class implementations you'd like analyzed."
pandas,11,python,1,NO BUG,NO BUG,True,"VERDICT: NO BUG  REASON: The provided code snippet is a function signature with overload decorators and imports, which are syntactically correct; without seeing the actual function implementation body, no logical bugs can be identified in what is shown."
pandas,11,python,2,BUG,NO BUG,False,"I don't have enough information to make a reliable determination about whether this code contains a bug.  VERDICT: INSUFFICIENT INFORMATION REASON: The code provided is only the header and import section of the concat.py file with function signature overloads, but the actual implementation logic where bugs typically occur is truncated and not shown.  To properly review this code for bugs, I would need to see: 1. The complete function implementation of `concat()` 2. The actual logic in the function body 3. Any helper functions or methods called within 4. The full context of how parameters are processed  If you can provide the complete implementation of the `concat()` function, I can perform a thorough bug review."
pandas,11,python,3,BUG,NO BUG,False,"VERDICT: NO BUG  REASON: The code snippet shows only imports, type hints, and function signature overloads without any executable logic that could contain a bug."
pandas,11,python,4,BUG,NO BUG,False,"VERDICT: NO BUG  REASON: The code snippet provided only shows import statements and the beginning of an overloaded function signature without any implementation logic, making it impossible to identify actual bugs in the executable code."
pandas,11,python,5,BUG,NO BUG,False,"VERDICT: NO BUG  REASON: The provided code snippet shows only imports, type hints, and the beginning of an `@overload` decorator for a `concat` function, which are all syntactically correct and contain no logical errors; any potential bugs would be in the actual function implementation which is truncated and not shown."
pandas,12,python,1,NO BUG,NO BUG,True,VERDICT: NO BUG  REASON: The provided code is a docstring and import section from pandas/core/frame.py with no executable logic that could contain a bug.
pandas,12,python,2,BUG,NO BUG,False,"VERDICT: NO BUG  REASON: The provided code snippet is only the header/docstring and import section of the pandas DataFrame module, which contains no executable logic or functional code that could contain a bug."
pandas,12,python,3,BUG,NO BUG,False,"VERDICT: NO BUG  REASON: The provided code snippet is only the header/import section of the pandas DataFrame module, which contains standard imports, type hints, and docstring documentation with no executable logic that could contain a bug."
pandas,12,python,4,BUG,NO BUG,False,"VERDICT: NO BUG  REASON: This code snippet only contains import statements and a module docstring for the pandas DataFrame class, with no executable logic that could contain bugs."
pandas,12,python,5,BUG,NO BUG,False,"VERDICT: NO BUG  REASON: The provided code snippet is only a module docstring and import statements from pandas/core/frame.py, which contains no executable logic or operations that could contain bugs."
pandas,13,python,1,NO BUG,NO BUG,True,"VERDICT: NO BUG  REASON: The code shown is a module header with imports and function signature for `isna()` that appears syntactically correct; without seeing the complete function implementation, there is no identifiable bug in the provided excerpt."
pandas,13,python,2,BUG,NO BUG,False,"I need to analyze this code for bugs. However, the code provided is mostly imports and function signatures with the actual implementation truncated. Let me examine what's visible:  The visible portion shows: 1. Proper imports from pandas modules 2. Function definition for `isna(obj)` with a docstring 3. No actual implementation body shown (truncated)  Without seeing the actual implementation of the `isna` function and other functions in this file, I cannot definitively identify bugs. The imports look reasonable and properly structured.  However, if I must make a judgment based solely on what's provided: the code snippet shown (imports and function signature) appears syntactically correct with no obvious bugs in the visible portion.  VERDICT: NO BUG  REASON: The visible code consists of valid imports and a properly formatted function signature with no apparent logical or syntactic errors in the shown portion."
pandas,13,python,3,BUG,NO BUG,False,"VERDICT: NO BUG  REASON: The provided code is a module header with imports and function definitions that appear syntactically correct; without seeing the actual implementation of the `isna()` function (which is truncated), no bug can be identified in what is shown."
pandas,13,python,4,BUG,NO BUG,False,"VERDICT: NO BUG  REASON: The provided code is a file header with imports and function signature for `isna()`, which contains no executable logic that could contain a bug; it only shows declarations and the beginning of a docstring."
pandas,13,python,5,BUG,NO BUG,False,"I need to analyze this code snippet from pandas/core/dtypes/missing.py for bugs.  Looking at the provided code, I can see:  1. **Imports section**: All imports appear to be correctly structured and valid 2. **Aliases**: Two function aliases are created:    - `isneginf_scalar = libmissing.isneginf_scalar`    - `isposinf_scalar = libmissing.isposinf_scalar` 3. **Function definition**: The `isna` function is started but truncated with `... (truncated)`  The visible code itself doesn't show any obvious bugs in: - Import statements (all properly formatted) - Alias assignments (standard Python assignment) - Function signature start (valid syntax)  However, without seeing the actual implementation of the `isna` function body, I cannot identify bugs in the logic. The truncation indicates this is an incomplete code sample.  The code snippet shown is syntactically correct and follows proper Python/pandas conventions. There are no obvious bugs visible in the imports, aliases, or function declaration shown.  VERDICT: NO BUG  REASON"
pandas,14,python,1,NO BUG,NO BUG,True,"VERDICT: NO BUG  REASON: The `should_extension_dispatch` function correctly uses logical `or` to return `True` if either the left operand is an ExtensionArray OR the right operand is an ExtensionArray, which is the appropriate logic for determining whether to dispatch to ExtensionArray methods."
pandas,14,python,2,BUG,NO BUG,False,"VERDICT: NO BUG  REASON: The `should_extension_dispatch` function correctly implements its documented purpose by checking if either the left or right operand is an ExtensionArray, which is the appropriate logic for determining whether to dispatch to ExtensionArray methods."
pandas,14,python,3,BUG,BUG,True,"VERDICT: BUG  REASON: The `should_series_dispatch` function's docstring states it identifies cases where ""a DataFrame operation should dispatch to its Series counterpart,"" but the function is incomplete (truncated with `...`) making it impossible to verify the implementation matches the documented behavior, and the logic shown only checks if both operands are mixed type without handling the case where one operand is a Series as mentioned in the parameters."
pandas,14,python,4,BUG,BUG,True,"VERDICT: BUG  REASON: The `should_series_dispatch` function is incomplete and truncated, making it impossible to determine its correctness, but more critically, the docstring states this function identifies cases for ""DataFrame operation"" dispatch while the module docstring claims to define ""unary operations,"" creating a documentation inconsistency that suggests incomplete or incorrect implementation."
pandas,14,python,5,BUG,BUG,True,"VERDICT: BUG  REASON: The docstring parameter names (""left"", ""right"", ""op"") do not match the actual function parameter names (""lhs"", ""rhs"", ""operation""), which indicates inconsistent documentation and potential confusion about the intended API."
pandas,15,python,1,NO BUG,NO BUG,True,"VERDICT: NO BUG  REASON: The code shown is a series of import statements at the beginning of a Python module, which are syntactically correct and contain no logical errors; the actual implementation code is truncated (indicated by ""... (truncated)""), so no functional bugs can be identified in what is displayed."
pandas,15,python,2,BUG,NO BUG,False,"VERDICT: NO BUG  REASON: The provided code snippet is a series of import statements from a pandas module, and import statements themselves cannot contain logical bugs—they either succeed or fail at runtime depending on whether the imported modules exist, but the syntax and structure shown are valid Python."
pandas,15,python,3,BUG,NO BUG,False,VERDICT: NO BUG  REASON: The provided code snippet contains only imports and type definitions with no executable logic that could contain a bug; a complete analysis would require viewing the actual method implementations in the truncated portion of the file.
pandas,15,python,4,BUG,NO BUG,False,"VERDICT: NO BUG  REASON: The code shown is a series of import statements and type declarations from a pandas module, which are syntactically correct and contain no logical errors; actual bugs would only be detectable in the function implementations that follow the truncated section."
pandas,15,python,5,BUG,NO BUG,False,VERDICT: NO BUG  REASON: The provided code is an import section and module header from a pandas file with no executable logic that could contain a bug; it only declares imports and type hints which are syntactically correct.
pandas,16,python,1,NO BUG,NO BUG,True,"VERDICT: NO BUG  REASON: The provided code snippet is a header section containing imports and documentation strings from a pandas module, with no executable logic that could contain bugs; the actual implementation code has been truncated and therefore cannot be evaluated for correctness."
pandas,16,python,2,BUG,NO BUG,False,"VERDICT: NO BUG  REASON: The provided code snippet is a module header containing imports and documentation that are syntactically correct and properly structured, with no logical errors detectable in the shown portion."
pandas,16,python,3,BUG,NO BUG,False,"VERDICT: NO BUG  REASON: The provided code snippet is a module header containing imports and documentation strings with no executable logic that could contain a bug; the truncation at the end (""... (truncated)"") prevents any definitive analysis of actual implementation code."
pandas,16,python,4,BUG,NO BUG,False,"VERDICT: NO BUG  REASON: The provided code snippet is only an imports and module header section with no executable logic that could contain bugs; the actual implementation code is truncated, making it impossible to identify any functional issues."
pandas,16,python,5,BUG,NO BUG,False,"VERDICT: NO BUG  REASON: The provided code snippet is a module header containing only imports, type definitions, and documentation strings with no executable logic that could contain a bug; the truncation prevents analysis of actual implementation code where bugs would manifest."
pandas,17,python,1,NO BUG,NO BUG,True,"I cannot definitively determine if there is a bug in this code based solely on the provided excerpt.  **VERDICT: INSUFFICIENT INFORMATION**  **REASON:** The code shown consists entirely of imports and is truncated before any actual implementation, so no logic can be reviewed for bugs.  To properly review this file for bugs, I would need to see the actual class definitions and method implementations that follow the imports section."
pandas,17,python,2,BUG,NO BUG,False,VERDICT: NO BUG  REASON: The code snippet shown is only imports and type definitions with no executable logic that could contain a bug; any actual bugs would be in the method implementations that follow the truncated section.
pandas,17,python,3,BUG,NO BUG,False,"VERDICT: NO BUG  REASON: The provided code snippet only contains imports and type definitions with no executable logic that could contain a bug; without seeing the actual method implementations that follow the truncation, no bug can be identified in what is shown."
pandas,17,python,4,BUG,NO BUG,False,"VERDICT: NO BUG  REASON: The code snippet shown is a series of import statements with no executable logic, so there are no potential bugs to identify in the provided portion."
pandas,17,python,5,BUG,NO BUG,False,"VERDICT: NO BUG  REASON: The provided code snippet contains only import statements and no executable logic, so there are no logical errors, null pointer dereferences, type mismatches, or other bugs present in the shown portion."
pandas,18,python,1,NO BUG,NO BUG,True,"VERDICT: NO BUG  REASON: The code snippet shows standard utility function definitions and class declarations for window operations in pandas, with proper imports, function signatures, and docstrings, and contains no apparent syntax errors, type mismatches, or logical flaws in the visible portions."
pandas,18,python,2,BUG,NO BUG,False,"VERDICT: NO BUG  REASON: The code snippet shown is a utility module for pandas rolling operations that correctly defines helper functions and a mixin class with proper imports, documentation strings, and a functional dispatch mechanism that should work as intended."
pandas,18,python,3,BUG,NO BUG,False,"VERDICT: NO BUG  REASON: The code is a utility module containing imports, documentation templates, and a `_dispatch` function that creates wrapper methods for window operations; while the code is truncated and incomplete, the visible portions show correct syntax, proper function definitions, and appropriate use of closures without any apparent logical errors."
pandas,18,python,4,BUG,NO BUG,False,"VERDICT: NO BUG  REASON: The code snippet shown contains standard utility function definitions and class declarations for window operations in pandas, with no apparent logical errors, syntax issues, or obvious bugs in the `_dispatch` function or class declaration."
pandas,18,python,5,BUG,BUG,True,"VERDICT: BUG  REASON: The `_dispatch` function's inner function `inner_f` does not accept the `*arguments` and `**keyword_args` parameters that are passed to `outer_func`, causing them to be captured from the enclosing scope instead of being properly passed through, which can lead to unexpected behavior when the function is called multiple times with different arguments."
pandas,19,python,1,NO BUG,NO BUG,True,"VERDICT: NO BUG  REASON: The code shown is a properly structured imports section and class definition header from pandas/core/indexing.py with no syntax errors, logic errors, or obvious issues in the visible portion."
pandas,19,python,2,BUG,NO BUG,False,"I need to analyze this code snippet for bugs. However, the code provided is just imports and the beginning of a class definition with docstrings. The actual implementation code is truncated (indicated by ""... (truncated)"").  Without seeing the complete implementation of the `_IndexSlice` class and other methods in this file, I cannot definitively identify bugs in the actual logic. The visible portion only contains:  1. Import statements (which appear correct) 2. A constant definition `_NS = slice(None, None)` (which is valid) 3. The beginning of a class with docstrings (incomplete)  Since the functional code is truncated and I can only see imports and incomplete class definition, I cannot properly review this for bugs.  VERDICT: CANNOT DETERMINE - INSUFFICIENT CODE  REASON: The code snippet is incomplete with the main implementation truncated, making it impossible to identify logical bugs in the actual functionality."
pandas,19,python,3,BUG,NO BUG,False,VERDICT: NO BUG  REASON: The provided code snippet is an import section and class docstring definition from pandas/core/indexing.py with no executable logic that could contain runtime errors or logical flaws.
pandas,19,python,4,BUG,NO BUG,False,"VERDICT: NO BUG  REASON: The provided code snippet shows imports, type definitions, and the beginning of a class definition with docstrings, but contains no executable logic that could contain a bug; it's primarily structural/declarative code that follows standard pandas conventions."
pandas,19,python,5,BUG,NO BUG,False,"VERDICT: NO BUG  REASON: The provided code snippet is a standard import section and class docstring from pandas/core/indexing.py with no executable logic that could contain a runtime error, syntax error, or logical flaw."
pandas,2,python,1,NO BUG,NO BUG,True,"I need to analyze this code excerpt from pandas/core/indexing.py for bugs.  Looking at the provided code:  1. It's a series of imports and the beginning of a class definition (`_IndexSlice`) 2. The imports appear to be standard and properly formatted 3. There's a constant definition: `_NS = slice(None, None)` which is correct 4. The class `_IndexSlice` is started with a docstring  The code snippet provided is incomplete (truncated with ""...""), showing only imports and the beginning of a class definition. The actual implementation of `_IndexSlice` methods is not shown.  From what is visible: - All imports look valid and properly structured - The `_NS` constant definition is syntactically correct - The class definition with docstring is properly formatted - No obvious syntax errors are present in the visible code  Since this is just imports and the start of a class with a docstring, and everything appears syntactically correct, there are no apparent bugs in the code that is actually shown.  VERDICT: NO BUG  REASON: The visible code consists of valid imports, a correct constant definition, and"
pandas,2,python,2,BUG,NO BUG,False,"VERDICT: NO BUG  REASON: The provided code excerpt shows only imports, type hints, constants, and the beginning of a class definition with documentation, none of which contain logical errors or bugs."
pandas,2,python,3,BUG,NO BUG,False,"VERDICT: NO BUG  REASON: The provided code snippet is a legitimate import section and class definition header from pandas' indexing module with proper syntax, type hints, and documentation; without seeing the actual method implementations, no bugs can be identified in this structural code."
pandas,2,python,4,BUG,NO BUG,False,"I need to analyze this code snippet for bugs. Let me examine what's provided:  The code shows imports and the beginning of a module from pandas/core/indexing.py. The visible content includes: 1. Standard imports from typing and numpy 2. Pandas internal imports 3. A constant definition: `_NS = slice(None, None)` 4. The start of a `_IndexSlice` class with docstring  The visible code itself appears syntactically correct. However, without seeing the actual implementation of the `_IndexSlice` class and other code that follows, I cannot identify functional bugs. The imports are properly structured, the constant is well-defined, and the class definition has proper docstring formatting.  Since the prompt asks me to review the provided code specifically, and the provided code snippet contains only imports and class declaration with no implementation logic that could contain bugs, I must evaluate what's shown.  Looking more carefully: the code appears to be incomplete (indicated by ""... (truncated)""), but what is shown has no apparent syntax errors or logical bugs in the visible portion.  VERDICT: NO BUG  REASON: The provided code snippet contains only imports, a constant definition"
pandas,20,python,1,NO BUG,NO BUG,True,"VERDICT: NO BUG  REASON: The provided code snippet shows only imports, type hints, and the beginning of an `__all__` list definition, which are all syntactically correct and contain no logical errors."
pandas,20,python,2,BUG,NO BUG,False,"VERDICT: NO BUG  REASON: The provided code snippet shows only imports, type hints, and the beginning of an `__all__` list declaration, which contain no logical errors or bugs—they are syntactically correct Python that properly imports required modules and defines public API exports."
pandas,20,python,3,BUG,NO BUG,False,"VERDICT: NO BUG  REASON: The provided code snippet is an import section and module header that correctly imports necessary dependencies and defines the `__all__` list for public API exports, with no logical errors, syntax errors, or obvious bugs visible in this portion."
pandas,20,python,4,BUG,NO BUG,False,"VERDICT: NO BUG  REASON: The code snippet shown is only imports, type hints, and the beginning of an `__all__` list definition, which are all syntactically correct and contain no logical errors; a complete analysis would require seeing the actual function/class implementations that follow."
pandas,21,python,1,NO BUG,NO BUG,True,"VERDICT: NO BUG  REASON: The provided code is a module docstring and import section from pandas/core/series.py, which contains only standard imports, type hints, and configuration—no executable logic that could contain a bug."
pandas,21,python,2,BUG,NO BUG,False,"VERDICT: NO BUG  REASON: The provided code is a header section containing imports and module docstring from pandas/core/series.py, which shows no logical errors, syntax issues, or problematic patterns in the visible portion."
pandas,21,python,3,BUG,NO BUG,False,VERDICT: NO BUG  REASON: The provided code snippet is only imports and module documentation with no executable logic that could contain a bug; it appears to be the header section of a pandas Series module file that is incomplete and shows no functional code to review.
pandas,21,python,4,BUG,NO BUG,False,"I cannot complete this review because the code provided is incomplete. The code snippet shows only imports and module docstring from `pandas/core/series.py`, with the actual Series class implementation truncated (indicated by `... (truncated)`).  To properly review for bugs, I would need to see: - The complete Series class definition - Method implementations - Logic that could contain errors  VERDICT: INSUFFICIENT CODE REASON: The provided code snippet contains only imports and the beginning of the file, with the actual implementation truncated, making it impossible to identify any bugs."
pandas,22,python,1,NO BUG,NO BUG,True,"VERDICT: NO BUG  REASON: The code shown is a utility module for pandas rolling operations that correctly defines helper functions and class structures with proper imports, type hints, and docstring formatting; there are no syntax errors, logic errors, or obvious bugs in the visible portions."
pandas,22,python,2,BUG,NO BUG,False,"VERDICT: NO BUG  REASON: The code snippet shows a well-structured utility module with proper imports, a template string for documentation, and a correctly implemented `_dispatch` function that creates a closure to handle method delegation to grouped window operations, with no obvious logical errors or syntax issues visible in the provided excerpt."
pandas,22,python,3,BUG,NO BUG,False,"VERDICT: NO BUG  REASON: The code snippet shown is a utility module for pandas window operations that correctly imports necessary dependencies, defines a helper function `_dispatch` for delegating method calls, and begins a mixin class definition; there are no obvious syntax errors, logic errors, or type inconsistencies visible in the provided portion."
pandas,22,python,4,BUG,BUG,True,"VERDICT: BUG  REASON: The `_dispatch` function defines an `outer` function that accepts `*args, **kwargs` but doesn't use the `*args, **kwargs` passed to `_dispatch` itself, causing arguments passed to `_dispatch` to be ignored and only arguments passed to the returned `outer` function to be used."
pandas,23,python,1,NO BUG,NO BUG,True,"I don't have enough context to definitively identify a bug in this code snippet. The code shown is:  1. **Module docstring** - describes the file's purpose 2. **Import statements** - standard imports from pandas modules 3. **A dictionary definition** - `_index_doc_kwargs` 4. **A truncation marker** - indicating the rest of the file is not shown  Without seeing the actual method implementations in the class definitions (which are truncated), I cannot identify logical errors, incorrect logic flow, or API misuses that would constitute a bug.  VERDICT: INSUFFICIENT INFORMATION  REASON: The code snippet only contains imports and initialization statements with the main implementation logic truncated, making it impossible to identify functional bugs."
pandas,23,python,2,BUG,NO BUG,False,"VERDICT: NO BUG  REASON: The provided code is a module header with imports and documentation setup for a pandas datetime-like indexes module, containing no executable logic that could contain a bug; the actual implementation code is truncated and therefore cannot be evaluated."
pandas,23,python,3,BUG,NO BUG,False,"I need to analyze this code for bugs. However, the code provided is incomplete - it only shows imports and the beginning of a file with a truncation indicator `... (truncated)`.  VERDICT: NO BUG  REASON: The provided code snippet contains only imports and initialization code with no executable logic that could contain a bug, and the truncation prevents analysis of the actual implementation where bugs would likely occur."
pandas,23,python,4,BUG,NO BUG,False,"I need to analyze this code snippet for bugs. However, the code provided is mostly imports and a docstring with the actual implementation truncated (indicated by `... (truncated)`).  From what's shown: 1. The imports appear syntactically correct 2. The docstring is properly formatted 3. The `_index_doc_kwargs` dictionary is initialized correctly  Without seeing the actual implementation code (which is truncated), I cannot definitively identify bugs in the functional logic. The visible portions show standard pandas imports and initialization that appear correct.  VERDICT: NO BUG  REASON: The visible code containing imports and initial setup is syntactically correct with no apparent logical errors, though the actual implementation is truncated and cannot be fully reviewed."
pandas,24,python,1,NO BUG,NO BUG,True,"VERDICT: NO BUG  REASON: The provided code snippet only contains imports and type definitions with no executable logic or operations that could contain a bug; without seeing the actual function implementations that follow the truncation, no bugs can be identified in this portion."
pandas,24,python,2,BUG,NO BUG,False,"I don't see a bug in the provided code snippet. This appears to be the import section of `pandas/core/arrays/datetimes.py`, which contains standard imports from various pandas modules and external libraries like numpy and pytz. All imports are syntactically correct and follow standard Python conventions.  However, I cannot definitively determine if there's a bug without seeing the actual function implementations and logic that follows the truncated section (""... (truncated)""). The imports themselves are valid.  VERDICT: NO BUG  REASON: The import statements shown are syntactically correct with no obvious issues, though a complete analysis would require reviewing the actual function implementations that follow."
pandas,24,python,3,BUG,NO BUG,False,"VERDICT: NO BUG  REASON: The provided code snippet is just import statements and module initialization, which contain no executable logic that could contain bugs—imports are either valid (modules exist and are correctly referenced) or they would raise ImportError at runtime rather than represent logical errors in the code itself."
pandas,24,python,4,BUG,NO BUG,False,"VERDICT: NO BUG  REASON: The provided code snippet only contains imports and no executable logic, making it impossible to identify runtime errors or logical bugs in the visible portion."
pandas,25,python,1,NO BUG,NO BUG,True,"VERDICT: NO BUG  REASON: The provided code snippet contains only import statements and type definitions, which are syntactically correct and don't exhibit any logical errors; a complete review would require examining the actual method implementations that follow the truncated section."
pandas,25,python,2,BUG,NO BUG,False,"I appreciate you sharing this code, but I'm unable to complete a thorough bug review because you've only provided the import section of the file. The imports themselves appear syntactically correct, but without seeing the actual function and class implementations in the file, I cannot identify logic errors, type issues, or other bugs.  To properly review this code, I would need to see: - Function definitions and their implementations - Class definitions and methods - The actual business logic where bugs typically occur  VERDICT: CANNOT DETERMINE REASON: Only import statements are provided; actual implementation code is needed to identify bugs.  Please share the substantive code sections (functions, classes, logic) that you'd like me to review."
pandas,25,python,3,BUG,NO BUG,False,I don't have enough information to determine if there's a bug in this code.  VERDICT: CANNOT DETERMINE  REASON: The provided code snippet only contains imports and type hints with no actual function or class implementations to review for logical errors.
pandas,25,python,4,BUG,NO BUG,False,"I need to analyze this code for bugs, but the code provided is only the imports section of the file `pandas/core/arrays/datetimes.py`. The actual function implementations have been truncated with `... (truncated)`.  VERDICT: NO BUG  REASON: The imports section shown contains no syntax errors, circular import issues, or obvious logical errors - all imported modules and functions appear to be valid pandas internal modules and standard library components.  **Note:** A complete bug review would require seeing the actual function implementations in the file, as bugs typically exist in the logic of functions rather than in import statements."
pandas,3,python,1,NO BUG,NO BUG,True,"I cannot definitively identify a bug in this code snippet because it only contains imports and module docstring. The code shown is incomplete - it ends with a truncated import statement (`from pandas.core.dtypes.missing import (`).  VERDICT: NO BUG  REASON: The provided code excerpt contains only imports and a docstring with no truncation of actual logic; therefore, no functional bug can be identified in the shown portion."
pandas,3,python,2,BUG,NO BUG,False,"VERDICT: NO BUG  REASON: The provided code is a module header containing imports and documentation for pandas/core/series.py, with no executable logic that could contain a bug; the imports appear syntactically correct and properly structured."
pandas,3,python,3,BUG,NO BUG,False,"VERDICT: NO BUG  REASON: The provided code snippet is only the import section and header of the pandas/core/series.py file, which contains no executable logic that could contain bugs—it only declares module documentation, imports necessary dependencies, and type hints."
pandas,3,python,4,BUG,NO BUG,False,"VERDICT: NO BUG  REASON: The provided code snippet is only import statements and module docstring from pandas/core/series.py, which contain no executable logic or algorithmic code that could contain bugs."
pandas,4,python,1,NO BUG,NO BUG,True,"VERDICT: NO BUG  REASON: This is a code excerpt showing only imports and type hints from a pandas module, which contains no executable logic or operations that could contain bugs—it is syntactically valid and imports are correctly specified."
pandas,4,python,2,BUG,NO BUG,False,"VERDICT: NO BUG  REASON: The code snippet shown is only import statements and type definitions from a pandas module, which contain no executable logic that could contain bugs—all syntax appears correct with proper import formatting, module paths, and type hints."
pandas,4,python,3,BUG,NO BUG,False,"VERDICT: NO BUG  REASON: This code snippet contains only imports and no executable logic, so there are no bugs present in the shown portion; any bugs would exist in the actual method implementations that follow after the truncation."
pandas,4,python,4,BUG,NO BUG,False,"VERDICT: NO BUG  REASON: This code snippet shows only imports and type hints from a pandas index module, with no executable logic that could contain a bug; the code is truncated before any actual implementation begins."
pandas,5,python,1,NO BUG,NO BUG,True,"VERDICT: NO BUG  REASON: The code snippet shown is only import statements and type hints with no executable logic that could contain a bug; without seeing the actual function implementations and their bodies, no logical errors can be identified."
pandas,5,python,2,BUG,NO BUG,False,"VERDICT: NO BUG  REASON: The provided code is a collection of import statements from a pandas module with no executable logic, so there are no bugs present in the shown portion—bugs would only be detectable in the actual function/method implementations that follow these imports."
pandas,5,python,3,BUG,NO BUG,False,"VERDICT: NO BUG  REASON: This code snippet shows only imports and type hints from a pandas module, with no actual executable logic that could contain functional bugs; it appears to be the header section of a file with proper import statements and no obvious syntax errors."
pandas,5,python,4,BUG,NO BUG,False,"VERDICT: NO BUG  REASON: This code excerpt contains only import statements and type hints, which are syntactically correct and follow proper Python conventions; without seeing the actual function implementations that follow, no logical bugs can be identified in this portion."
pandas,6,python,1,NO BUG,NO BUG,True,"VERDICT: NO BUG  REASON: The provided code snippet is a truncated header section of the grouper.py module containing imports, docstrings, and the beginning of the `Grouper` class definition with no actual implementation logic to review for bugs."
pandas,6,python,2,BUG,NO BUG,False,"I don't have enough context to make a definitive determination. The code snippet provided is primarily module docstrings, imports, and the beginning of a `Grouper` class definition with its docstring truncated. To identify a bug, I would need to see:  1. The actual method implementations within the `Grouper` class 2. The logic in methods like `__init__`, `_get_grouper`, or other key functions 3. How the class properties and methods interact  **VERDICT: INSUFFICIENT INFORMATION**  **REASON:** Only class definition headers and imports are shown; actual implementation code is truncated, making bug detection impossible.  Please provide the complete implementation of the relevant methods to enable a proper code review."
pandas,6,python,3,BUG,NO BUG,False,"VERDICT: NO BUG  REASON: The provided code excerpt is a documentation string and import statements for a pandas groupby module, which contain no executable logic that could contain bugs."
pandas,6,python,4,BUG,NO BUG,False,"VERDICT: NO BUG  REASON: The provided code snippet is a module docstring and class definition header for the `Grouper` class with proper imports and documentation, containing no executable logic that could contain a bug."
pandas,7,python,1,NO BUG,NO BUG,True,VERDICT: NO BUG  REASON: This code snippet contains only imports and type hints with no executable logic that could contain a bug; all imports appear to be valid pandas modules and standard library references.
pandas,7,python,2,BUG,NO BUG,False,"VERDICT: NO BUG  REASON: The code shown is only import statements and type hints with no executable logic, so there is no opportunity for a bug to manifest in the provided excerpt."
pandas,7,python,3,BUG,NO BUG,False,"VERDICT: NO BUG  REASON: This is only an import section of a Python file that shows properly formatted imports with correct syntax, valid module paths, and no logical errors that would cause runtime failures."
pandas,7,python,4,BUG,NO BUG,False,"VERDICT: NO BUG  REASON: The provided code snippet shows only imports and type hints from a pandas module, which are syntactically correct and contain no logical errors; a complete bug analysis would require examining the actual function/class implementations that follow the truncated section."
pandas,8,python,1,NO BUG,NO BUG,True,"VERDICT: NO BUG  REASON: The provided code snippet contains only import statements with no executable logic, so there are no bugs present in the shown portion."
pandas,8,python,2,BUG,NO BUG,False,VERDICT: NO BUG  REASON: The code shown is only imports and type declarations with no executable logic that could contain a bug; a complete review would require seeing the actual function/class implementations that follow the truncated section.
pandas,8,python,3,BUG,NO BUG,False,I cannot determine if there is a bug in this code based on what you've provided.  VERDICT: INSUFFICIENT INFORMATION  REASON: Only imports and truncated code are shown; the actual function implementations and logic that could contain bugs are not included in the review.
pandas,8,python,4,BUG,NO BUG,False,"VERDICT: NO BUG  REASON: The provided code snippet only contains imports and no executable logic, so there are no bugs present in the actual code shown."
pandas,9,python,1,NO BUG,NO BUG,True,"VERDICT: NO BUG  REASON: This is an import section of a Python file that contains standard and pandas library imports with proper syntax; without seeing the actual method implementations and their logic, no bug can be identified in the imports themselves, which are all valid and correctly formatted."
pandas,9,python,2,BUG,NO BUG,False,"VERDICT: NO BUG  REASON: The provided code excerpt is only import statements and type definitions with no executable logic that could contain a runtime bug; to identify a bug, the actual method implementations would need to be reviewed."
pandas,9,python,3,BUG,NO BUG,False,VERDICT: NO BUG  REASON: The code shown is only import statements and module-level declarations with no actual implementation logic that could contain a bug.
pandas,9,python,4,BUG,NO BUG,False,"I cannot definitively determine if there is a bug in this code snippet because:  1. **Incomplete code**: The provided code only shows imports and truncation (`... (truncated)`), without any actual function or class implementations where bugs would manifest.  2. **No logic to analyze**: Bug detection requires examining actual algorithmic logic, variable usage, control flow, etc., which are not present in this excerpt.  3. **Import validation insufficient**: While the imports appear reasonable and consistent with a pandas categorical array module, import statements alone cannot contain logical bugs.  **VERDICT: NO BUG**  **REASON: No executable logic is present in the provided code snippet—only imports and module declarations—making it impossible to identify functional bugs.**  To properly review this code for bugs, please provide the actual function/class implementations from the file."
thefuck,1,python,1,NO BUG,BUG,False,"VERDICT: BUG  REASON: The `get_new_command` function uses `[0]` indexing on regex findall results without checking if matches exist, which will raise an `IndexError` if the expected patterns are not found in the output, even though `match()` only checks for substring presence rather than the exact regex patterns."
thefuck,1,python,2,BUG,BUG,True,"VERDICT: BUG  REASON: The regex patterns use `[a-z]+` which only matches lowercase letters, but pip command names and suggestions may contain uppercase letters, numbers, hyphens, or underscores, causing the regex to fail to capture the full command name and potentially raise an IndexError."
thefuck,10,python,1,NO BUG,BUG,False,"VERDICT: BUG  REASON: The code inserts strings with spaces (`' 2 '` and `' 3 '`) directly into the command parts list and then joins them with `"""".join()`, which will produce malformed commands with incorrect spacing (e.g., `man 2 ls` becomes `man 2 ls` instead of the intended format when spaces are already included in the list elements)."
thefuck,10,python,2,BUG,BUG,True,"VERDICT: BUG  REASON: The code modifies `split_cmd2` and `split_cmd3` (which are lists) by inserting strings with spaces, then joins them with `"""".join()`, creating malformed commands like `man 2 pagename` becoming `man 2 pagename` instead of proper spacing, and the insert operations add space-padded strings that will create incorrect output when joined."
thefuck,10,python,3,BUG,BUG,True,"VERDICT: BUG  REASON: Line `help_command = last_arg - ' --help'` uses the subtraction operator `-` instead of string concatenation `+`, which will cause a TypeError since you cannot subtract a string from a string."
thefuck,2,python,1,NO BUG,BUG,False,"VERDICT: BUG  REASON: The `memoize` decorator does not handle `**kwargs` correctly for cache key generation since `pickle.dumps()` may produce different byte sequences for dictionaries with identical key-value pairs in different orders, causing cache misses or collisions on Python versions where dict ordering differs."
thefuck,2,python,2,BUG,BUG,True,"VERDICT: BUG  REASON: The `memoize` decorator uses `pickle.dumps((args, kwargs))` as a cache key, which will fail when function arguments contain unpicklable objects (like file handles, lambda functions, or local objects), raising a `PickleError` instead of gracefully handling or executing the function."
thefuck,2,python,3,BUG,BUG,True,"VERDICT: BUG  REASON: The `memoize` function creates a new `memo` dictionary for each decorated function, but modifying `memoize.disabled` globally will affect all memoized functions simultaneously, which can lead to unexpected behavior where disabling memoization for one function disables it for all functions at the module level."
thefuck,2,python,4,BUG,BUG,True,"VERDICT: BUG  REASON: The `memoize` decorator creates a closure with a `memo` dictionary that persists across all calls, but when `memoize.disabled` is toggled to `True`, previously cached values are not cleared, so the function may return stale cached results even when memoization is supposed to be disabled."
thefuck,3,python,1,NO BUG,BUG,False,"VERDICT: BUG  REASON: In the `_get_aliases` function, the variables `name` and `value` are only defined inside the `for` loop with the `separator` iteration, but they are referenced after the loop in the `if name not in overridden:` statement; if neither separator produces a split of length 2, `name` and `value` will be undefined, causing a `NameError`."
thefuck,3,python,2,BUG,BUG,True,"VERDICT: BUG  REASON: In the `_get_aliases` function, the variables `name` and `value` are only defined inside the for-else loop when `len(split_alias) == 2`, but they are referenced after the loop without guarantee they were assigned, which will cause a `NameError` if the loop's `else` clause executes (when no separator successfully splits the alias into 2 parts)."
thefuck,3,python,3,BUG,BUG,True,"VERDICT: BUG  REASON: In the `_get_aliases` function, the variables `name` and `value` are only defined inside the `for separator` loop, but they are used after the loop in the `if name not in overridden` check, which will cause a `NameError` if neither separator matches (i.e., if the loop completes without breaking)."
thefuck,3,python,4,BUG,BUG,True,"VERDICT: BUG  REASON: In the `_get_aliases` function, the variables `name` and `value` are only assigned inside the inner `for` loop, but they are referenced after the loop in the `if name not in overridden:` statement, which will cause a `NameError` if the loop completes without breaking (i.e., when neither separator produces a split of length 2)."
thefuck,4,python,1,NO BUG,BUG,False,"VERDICT: BUG  REASON: In the `_get_aliases` function, the variables `name` and `value` are only assigned inside the inner `for` loop, but they are referenced after the loop in the `if name not in overridden:` statement, which will cause a `NameError` if the loop completes without finding a matching separator (when the `else: continue` clause is executed)."
thefuck,4,python,2,BUG,BUG,True,"VERDICT: BUG  REASON: The `_get_aliases` function does not handle the case where `alias_out` contains empty strings (which occurs when the output ends with a newline), causing an `ValueError` when trying to unpack the split result into `name` and `value`."
thefuck,4,python,3,BUG,BUG,True,"VERDICT: BUG  REASON: In the `_get_aliases` function, the variables `name` and `value` are only defined inside the `for separator` loop, but they are referenced after the loop in the `if name not in overridden` condition, which will cause a `NameError` if the loop completes without finding a valid separator (since the `continue` statement skips the check)."
thefuck,4,python,4,BUG,BUG,True,"VERDICT: BUG  REASON: The `_get_aliases` function does not handle the case where the `alias` command output is empty or contains empty lines, which will cause an unpacking error when trying to split an empty string into `name` and `value`."
thefuck,5,python,1,NO BUG,BUG,False,"VERDICT: BUG  REASON: When `upstream_option_index` is not `None`, the code removes the option at that index but then attempts to remove the next argument at the same index without checking if the next element is actually the argument (e.g., a remote name or branch), which could incorrectly remove unrelated arguments like flags that come after the `-u` or `--set-upstream` option."
thefuck,5,python,2,BUG,BUG,True,"VERDICT: BUG  REASON: When `upstream_option_index` is not None, the code assumes the next argument after `--set-upstream` or `-u` is always present and needs to be removed, but it only checks the length condition before the second `pop()`, which can cause an IndexError if the option is the last argument in `command_parts`."
thefuck,5,python,3,BUG,BUG,True,"VERDICT: BUG  REASON: The logic for removing the upstream argument is flawed; when `--set-upstream` or `-u` is found and removed, the code attempts to remove a second argument at the same index, but this fails to account for the case where `-u` has no separate argument (it can be combined with other options like `-uorigin`), and more critically, the index check `len(command_parts) > upstream_option_index` should be `len(command_parts) > upstream_option_index + 1` to safely access the next element before popping it."
thefuck,5,python,4,BUG,BUG,True,"VERDICT: BUG  REASON: When `upstream_option_index` is not None and the option is removed, the code attempts to pop a second element at the same index without checking if that index is still valid after the first pop, which can cause an IndexError when `-u` is used without an argument or when it's the last argument in the command."
thefuck,6,python,1,NO BUG,BUG,False,"VERDICT: BUG  REASON: The branch_name extraction uses a greedy regex `.+` which will match from the first single quote to the *last* single quote in the output, causing incorrect extraction if the branch name contains single quotes or if there are multiple similar error messages in the output."
thefuck,6,python,2,BUG,BUG,True,"VERDICT: BUG  REASON: The last template `['git checkout {0}']` is a list with a single string element, but `shell.and_()` expects multiple arguments to join with `&&`; passing a single-element list will likely cause unexpected behavior or an error when trying to format it as a compound command."
thefuck,7,python,1,NO BUG,NO BUG,True,"VERDICT: NO BUG  REASON: The code correctly matches PHP commands containing the ""-s"" flag and replaces it with the ""-S"" flag (which is the correct flag for running PHP's built-in server), with proper spacing checks to avoid false positives from partial matches."
thefuck,7,python,2,BUG,NO BUG,False,"VERDICT: NO BUG  REASON: The code correctly matches PHP commands using the `-s` flag (which is invalid) and replaces it with `-S` (the correct flag for running a built-in server), with proper use of decorators and utility functions."
thefuck,8,python,1,NO BUG,BUG,False,"VERDICT: BUG  REASON: The `get_new_command` function calls `regex.findall(command.output)[0]` without verifying that the regex found any matches, which will raise an `IndexError` if the output format doesn't match the expected pattern or if `match()` was called with different output than what `get_new_command()` receives."
thefuck,8,python,2,BUG,BUG,True,"VERDICT: BUG  REASON: The `_get_operations()` function returns bytes objects from the regex findall, but `replace_command()` likely expects strings, causing a type mismatch when trying to find and replace the misspelled command with byte strings instead of decoded strings."
thefuck,9,python,1,NO BUG,BUG,False,"VERDICT: BUG  REASON: The code uses `is not -1` for integer comparison instead of `!= -1`, which relies on implementation details of Python's integer caching and will fail for larger values or in different Python implementations."
thefuck,9,python,2,BUG,BUG,True,"VERDICT: BUG  REASON: The condition `if upstream_option_index is not -1:` uses identity comparison (`is`) instead of equality comparison (`==`), which can fail unpredictably since small integers are cached in Python but the behavior is not guaranteed; it should be `if upstream_option_index != -1:`."
