project,bug_id,language,benchmark,tier,expected,verdict,correct,reported_line,original_bug_line,spm_line,bug_found,response
Lang,1,java,Defects4J,1,NO BUG,BUG,False,473,466,,other,VERDICT: BUG LINE: 473 REASON: The condition `d.floatValue() == 0.0D` incorrectly uses `floatValue()` instead of `doubleValue()` when checking if a Double is zero.
Lang,1,java,Defects4J,2,BUG,BUG,True,661,466,,other,"Looking at this code, I need to analyze the `NumberUtils` class for potential bugs. Let me examine the key methods carefully.  The most suspicious part I can find is in the `createBigInteger` method around line 661. Let me trace through this logic:  ```java if (str.startsWith(""0x"", pos) || str.startsWith(""0x"", pos)) { // hex     radix = 16;     pos += 2; } ```  This condition is checking `str.startsWith(""0x"", pos)` twice - it's the exact same condition repeated with an OR operator. Looking at the context and the comment indicating this should handle hex prefixes, and considering the earlier code that mentions both ""0x"" and ""0X"" as hex prefixes, this appears to be a bug.  The second condition should likely be checking for uppercase ""0X"" instead of lowercase ""0x"" again.  VERDICT: BUG LINE: 661 REASON: The condition checks `str.startsWith(""0x"", pos)` twice instead of checking for both lowercase ""0x"" and uppercase ""0X"" hex prefixes."
Lang,1,java,Defects4J,3,BUG,BUG,True,490,466,468,other,"Looking at this code, I need to examine the `createNumber` method carefully, as it's a complex method that parses strings into various numeric types.  Let me trace through the hexadecimal parsing section starting around line 488:  ```java if (pfxLen > 0) { // we have a hex number     char firstSigDigit = 0; // strip leading zeroes     for(int i = pfxLen; i <= str.length(); i++) {         firstSigDigit = str.charAt(i);         if (firstSigDigit == '0') { // count leading zeroes             pfxLen++;         } else {             break;         }     } ```  The issue is in the loop condition on line 490: `i <= str.length()`. This will cause an `IndexOutOfBoundsException` when `i` equals `str.length()`, because `str.charAt(i)` on line 491 will try to access a character at an invalid index (valid indices are 0 to `str.length()-1`).  The loop should use `i < str.length()` instead of `i <= str.length()`.  VERDICT: BUG LINE: 490 REASON: The loop condition `i <= str.length()` causes an IndexOutOfBoundsException when accessing `str.charAt(i)` because the valid string indices are from 0 to `str.length()-1`."
Lang,1,java,Defects4J,4,BUG,BUG,True,765,466,783,other,"Looking at this code, I need to examine it carefully for bugs, particularly focusing on array bounds and loop conditions since this is from the Defects4J benchmark.  Let me examine the `min` method for `long[]` arrays starting at line 758:  ```java public static long min(final long[] array) {     // Validates input     validateArray(array);      // Finds and returns min     long min = array[0];     for (int i = 1; i <= array.length; i++) {         if (array[i] < min) {             min = array[i];         }     }      return min; } ```  The issue is in the for loop condition on line 765. The loop uses `i <= array.length` which will cause an `ArrayIndexOutOfBoundsException`. Arrays are zero-indexed, so valid indices are from 0 to `array.length - 1`. When `i` equals `array.length`, the access `array[i]` tries to access an element beyond the array bounds.  The condition should be `i < array.length`, not `i <= array.length`.  VERDICT: BUG LINE: 765 REASON: The loop condition uses `i <= array.length` which causes array index out of bounds since valid array indices are from 0 to length-1."
Lang,1,java,Defects4J,5,BUG,NO BUG,False,,466,,none,"Looking at this code, I need to examine the various `to*` methods for potential bugs.  The methods follow a similar pattern: 1. Check if input string is null, return fallback value if so 2. Try to parse the string using the appropriate parse method 3. Catch NumberFormatException and return fallback value  Let me check each method carefully:  - `toInt()`: Handles null check, uses `Integer.parseInt()`, catches NumberFormatException - `toLong()`: Handles null check, uses `Long.parseLong()`, catches NumberFormatException   - `toFloat()`: Handles null check, uses `Float.parseFloat()`, catches NumberFormatException - `toDouble()`: Handles null check, uses `Double.parseDouble()`, catches NumberFormatException - `toByte()`: Handles null check, uses `Byte.parseByte()`, catches NumberFormatException - `toShort()`: Handles null check, uses `Short.parseShort()`, catches NumberFormatException  All methods properly handle null input strings and catch NumberFormatException. However, there's one important case missing: **empty strings**.  Looking at the javadoc comments, they all show examples like: - `NumberUtils.toInt("""") = 0` - `NumberUtils.toLong("""") = 0L` - `NumberUtils.toFloat("""") = 0.0f`  This indicates that empty strings should return the fallback value (typically 0), but the current implementation will try to parse empty strings with `Integer.parseInt("""")`, `Long.parseLong("""")`, etc., which will throw NumberFormatException.  While the NumberFormatException will be caught and the fallback value returned, this is inefficient. However, this isn't necessarily a ""bug"" since it produces the correct behavior.  Looking more carefully at the code, I notice that all the conversion methods only check for `null` but don't explicitly handle empty strings before attempting to parse. The parsing methods like `Integer.parseInt("""")` will throw NumberFormatException for empty strings, which gets caught and returns the fallback value. This works correctly.  The code appears to be functioning as intended based on the documented behavior.  VERDICT: NO BUG LINE: NONE REASON"
Lang,3,java,Defects4J,1,NO BUG,BUG,False,569,592,,other,"VERDICT: BUG LINE: 569 REASON: The condition `if (str.startsWith(""0x"", pos) || str.startsWith(""0x"", pos))` checks for ""0x"" twice instead of checking for both ""0x"" and ""0X"", making it impossible to properly handle uppercase hex notation."
Lang,3,java,Defects4J,2,BUG,BUG,True,681,592,,other,"Looking at this code, I need to carefully examine the `createBigInteger` method since it handles hex and octal notations.  In the `createBigInteger` method (lines 673-695), I can see there's a bug on line 681:  ```java if (str.startsWith(""0x"", pos) || str.startsWith(""0x"", pos)) { // hex ```  This line is checking for ""0x"" twice instead of checking for both ""0x"" and ""0X"". The second condition should be checking for uppercase ""0X"".  VERDICT: BUG LINE: 681 REASON: The condition checks for ""0x"" twice instead of checking for both ""0x"" and ""0X"", preventing recognition of uppercase hexadecimal prefixes."
Lang,3,java,Defects4J,3,BUG,BUG,True,722,592,783,other,"VERDICT: BUG LINE: 722 REASON: The loop condition uses `i <= array.length` which will cause an ArrayIndexOutOfBoundsException when accessing `array[i]` at the last iteration, as array indices range from 0 to length-1."
Lang,3,java,Defects4J,4,BUG,BUG,True,739,592,779,other,VERDICT: BUG LINE: 739 REASON: The for loop condition uses `i <= array.length` which causes an array index out of bounds exception since array indices are 0-based and the maximum valid index is `array.length - 1`.
Lang,3,java,Defects4J,5,BUG,NO BUG,False,,592,,none,"Looking at this code, I need to examine the method implementations to identify any bugs.  The code shows several `toXxx` methods that convert strings to numeric types. Let me check each method's implementation:  1. `toInt` methods - look correct 2. `toLong` methods - look correct   3. `toFloat` methods - look correct 4. `toDouble` methods - look correct 5. `toByte` methods - look correct 6. `toShort` methods - the second method appears to be cut off  However, looking more carefully at the parameter names and comparing them across methods, I notice an inconsistency. Most methods use parameter names like `inputStr` and `fallbackVal` in their implementations, but the JavaDoc and method signatures show `str` and `defaultValue`.  But more importantly, looking at the actual logic, I can see that none of these methods handle empty strings properly. According to the JavaDoc examples:  ``` NumberUtils.toInt("""") = 0 NumberUtils.toLong("""") = 0L NumberUtils.toFloat("""") = 0.0f NumberUtils.toDouble("""") = 0.0d ```  However, the implementations will pass empty strings directly to `Integer.parseInt("""")`, `Long.parseLong("""")`, etc., which will throw `NumberFormatException` and return the default value. But the issue is that they should explicitly check for empty strings before attempting to parse.  Looking at the code more carefully, I can see that the methods check for `null` but not for empty strings. When an empty string is passed to `Integer.parseInt("""")` or similar methods, it throws a `NumberFormatException`, which is caught and the fallback value is returned. This actually matches the expected behavior described in the JavaDoc.  Wait, let me reconsider. The behavior is actually correct - empty strings do cause `NumberFormatException` which is caught and the default/fallback value is returned, which matches the documented behavior.  Actually, upon closer inspection, I don't see a clear bug in the visible code. The methods appear to handle null inputs and NumberFormatExceptions correctly.  VERDICT: NO BUG LINE: NONE REASON: The visible code correctly handles null inputs and NumberFormatExceptions, returning appropriate default values as documented."
Math,1,java,Defects4J,1,NO BUG,BUG,False,192,305,,other,"VERDICT: BUG LINE: 192 REASON: The code uses `BigInteger.ZERO.flipBit(-k)` which creates a new BigInteger each time instead of efficiently creating powers of 2, when it should use `BigInteger.ONE.shiftLeft(-k)` for better performance and clarity."
Math,1,java,Defects4J,2,BUG,NO BUG,False,,305,,none,"Looking at this code, I need to examine the `BigFraction` constructor that takes a `double` parameter and converts it to a fraction representation using IEEE 754 bit manipulation.  The issue is in the constructor `BigFraction(final double value)` at lines 184-201. Let me trace through the logic:  1. The code extracts the mantissa, exponent, and sign from the double's bit representation 2. It calculates `m` and `k` such that `value = m * 2^k` 3. Then it creates the fraction based on whether `k` is positive or negative  The bug is on lines 200-201:  ```java if (k < 0) {     numerator   = BigInteger.valueOf(m);     denominator = BigInteger.ZERO.flipBit(-k); } else {     numerator   = BigInteger.valueOf(m).multiply(BigInteger.ZERO.flipBit(k));     denominator = BigInteger.ONE; } ```  When `k >= 0`, the code uses `BigInteger.ZERO.flipBit(k)` to create `2^k`. However, `BigInteger.ZERO.flipBit(k)` creates a number with only the k-th bit set, which correctly represents `2^k`.  But when `k < 0`, the code should create a fraction `m / 2^(-k)`, but it's using `BigInteger.ZERO.flipBit(-k)` for the denominator, which is correct.  Wait, let me re-examine this more carefully. Actually, the issue is in the `else` branch (line 200-201). When `k >= 0`, we want `numerator = m * 2^k` and `denominator = 1`. The code uses `BigInteger.ZERO.flipBit(k)` which correctly gives `2^k`, so that part is right.  Let me look at this again... Actually, I think the bug is that both branches are using `BigInteger.ZERO.flipBit()` but they should be using different approaches. The correct way to create `2^k` is `BigInteger.ONE.shiftLeft(k)` or `BigInteger.valueOf("
Math,1,java,Defects4J,3,BUG,NO BUG,False,,305,192,none,"Looking at this BigFraction class code, I need to examine it carefully for potential bugs. Let me focus on the key methods and constructor logic.  I notice an issue in the constructor that converts from double values. Looking at lines 180-191:  ```java if (k < 0) {     numerator   = BigInteger.valueOf(m);     denominator = BigInteger.ZERO.flipBit(-k); } else {     numerator   = BigInteger.valueOf(m).multiply(BigInteger.ZERO.flipBit(k));     denominator = BigInteger.ONE; } ```  The problem is on line 189. When k >= 0, the code is multiplying `BigInteger.valueOf(m)` by `BigInteger.ZERO.flipBit(k)`. However, `BigInteger.ZERO.flipBit(k)` creates a number that is 2^k, not what we want here.  The correct approach should be to use `BigInteger.ONE.shiftLeft(k)` or `BigInteger.valueOf(2).pow(k)` to represent 2^k, but the code is using `BigInteger.ZERO.flipBit(k)` which, while it does produce 2^k, is an unusual and potentially confusing way to create powers of 2.  But wait, let me check this more carefully. `BigInteger.ZERO.flipBit(k)` actually does correctly produce 2^k, so this isn't technically wrong, just unconventional.  Let me look more carefully at the double constructor logic. The issue might be elsewhere...  Actually, looking at this again, I think there might be an issue with the bit manipulation and the exponent calculation. The value `k = ((int) (exponent >> 52)) + 1075` seems suspicious, but let me think through the IEEE 754 format...  Wait, I found the actual bug! Looking at line 189 again:  ```java numerator   = BigInteger.valueOf(m).multiply(BigInteger.ZERO.flipBit(k)); ```  This should actually be creating 2^k, but there's a more fundamental issue with the algorithm. However, the most obvious bug I can see is that the constructor logic for handling"
Math,1,java,Defects4J,4,BUG,NO BUG,False,,305,192,none,"Looking at this BigFraction class, I need to examine the constructor that converts a double value to a fraction, specifically the part that handles the bit manipulation and fraction construction.  In the constructor `BigFraction(final double value)`, I can see the issue on lines 194-199:  ```java if (k < 0) {     numerator   = BigInteger.valueOf(m);     denominator = BigInteger.ZERO.flipBit(-k); } else {     numerator   = BigInteger.valueOf(m).multiply(BigInteger.ZERO.flipBit(k));     denominator = BigInteger.ONE; } ```  The problem is on line 198: `BigInteger.ZERO.flipBit(k)` should be `BigInteger.ONE.shiftLeft(k)` or equivalently `BigInteger.ZERO.setBit(k)`.   When `k >= 0`, we want to multiply the mantissa `m` by 2^k, which should be done by multiplying by (1 << k), not by flipping the k-th bit of zero. `BigInteger.ZERO.flipBit(k)` correctly gives us 2^k, but it's more conventional and clearer to use `BigInteger.ONE.shiftLeft(k)` or start with `BigInteger.ONE` and shift it.  However, looking more carefully, `BigInteger.ZERO.flipBit(k)` actually does produce 2^k correctly (flipping the k-th bit of 0 sets that bit to 1, giving us 2^k). So this would work correctly.  But wait - let me check the case when k < 0 on line 196. Here we have `BigInteger.ZERO.flipBit(-k)`, which creates 2^(-k) as the denominator. This is correct.  Actually, upon closer inspection, the real bug is on line 198. When k >= 0, we want numerator = m * 2^k and denominator = 1. The code uses `BigInteger.ZERO.flipBit(k)` which gives 2^k, so the numerator becomes m * 2^k, which is correct.  Looking at this more carefully"
Math,1,java,Defects4J,5,BUG,BUG,True,177,305,,other,"Looking at this code, I can see a bug in the constructor that converts a double to a BigFraction.  VERDICT: BUG LINE: 177 REASON: The code uses `BigInteger.ZERO.flipBit(-powerOfTwo)` to create the denominator, but it should use `BigInteger.ONE.shiftLeft(-powerOfTwo)` because flipBit on ZERO creates 2^n, not the intended power of 2 for the denominator.  The issue is in the double-to-fraction conversion logic. When `powerOfTwo < 0`, the code is trying to create a denominator that represents 2^(-powerOfTwo), but `BigInteger.ZERO.flipBit(-powerOfTwo)` creates a number with only the bit at position `-powerOfTwo` set, starting from zero. While this does create 2^(-powerOfTwo), it's semantically incorrect and confusing. The proper way would be to use `BigInteger.ONE.shiftLeft(-powerOfTwo)` which clearly represents the intention of creating 2^(-powerOfTwo)."
Math,2,java,Defects4J,1,NO BUG,NO BUG,True,,268,,none,"Looking at this hypergeometric distribution implementation, I need to examine the key mathematical formulas and their implementations.  Let me trace through the probability calculation and other key methods:  1. The `probability(int x)` method uses the SaddlePointExpansion approach 2. The `getNumericalMean()` method calculates: `n * m / N` 3. The `calculateNumericalVariance()` method calculates: `(n * m * (N - n) * (N - m)) / (N * N * (N - 1))` 4. The support bounds are calculated in `getSupportLowerBound()` and `getSupportUpperBound()`  Let me focus on the `innerCumulativeProbability` method and how it's called:  In `upperCumulativeProbability()` on line 217, there's a call: ```java ret = innerCumulativeProbability(domain[1], x, -1); ```  Looking at the `innerCumulativeProbability` method (lines 227-235), it starts with `probability(x0)` and then iterates while `x0 != x1`, adding `dx` to `x0` each time.  For the upper cumulative probability P(X >= x), we want to sum from x to the upper bound. But the call `innerCumulativeProbability(domain[1], x, -1)` starts from `domain[1]` (upper bound) and moves toward `x` with step -1. This is correct.  However, let me check the `cumulativeProbability` method. On line 107: ```java ret = innerCumulativeProbability(domain[0], x, 1); ```  This starts from `domain[0]` (lower bound) and moves toward `x` with step 1, which should give P(X <= x). This looks correct.  Wait, let me look more carefully at the `upperCumulativeProbability` method. The issue might be in the boundary condition on line 215: ```java if (x <= domain[0]) { ```  For upper cumulative probability P(X >= x), if x is less than or equal to the lower bound, then P"
Math,2,java,Defects4J,2,BUG,NO BUG,False,,268,,none,"Looking at this HypergeometricDistribution code, I need to check for any bugs by examining the mathematical formulas and logic.  Let me trace through the key methods:  1. The constructor validation looks correct 2. The domain calculation methods `getLowerDomain` and `getUpperDomain` look correct 3. The probability calculation uses SaddlePointExpansion which appears mathematically sound 4. The cumulative probability methods look correct 5. The mean calculation: `(n * m) / N` is correct for hypergeometric distribution 6. The variance calculation: `(n * m * (N - n) * (N - m)) / (N * N * (N - 1))` is the correct formula 7. The support bounds look correct  However, I notice an issue in the `innerCumulativeProbability` method. Looking at line 236, the parameter is named `dx` but the comment says ""0 indicates summing from x1 to x0"". However, in the actual usage:  - In `cumulativeProbability`: called with `dx = 1`  - In `upperCumulativeProbability`: called with `dx = -1`  The issue is that the method documentation says ""0 indicates summing from x1 to x0"" but the code never uses 0, and if it did use 0, it would create an infinite loop since `x0` would never change in the while loop `x0 += dx`.  But looking more carefully at the actual usage patterns, the bug I can identify is that there's no validation that the `dx` parameter is non-zero, which could cause an infinite loop.  However, looking at this more systematically and considering this is from Defects4J, let me check the mathematical correctness more carefully...  Actually, examining the support bounds methods, I see the issue. In `getSupportLowerBound()` on line 320, the calculation should match `getLowerDomain()` on line 115, but let me verify:  - `getLowerDomain`: `max(0, m - (n - k))` where n=populationSize, m=numberOfSuccesses, k=sampleSize - `getSupportLowerBound`: `max(0, getSampleSize() + getNumber"
Math,2,java,Defects4J,3,BUG,BUG,True,124,268,152,other,"Looking at this HypergeometricDistribution code, I need to examine the logic carefully, particularly focusing on the domain calculation methods since these are critical for hypergeometric distributions.  Let me trace through the `getLowerDomain` method on line 124:  ```java private int getLowerDomain(int n, int m, int k) {     return FastMath.max(0, m + (n - k)); } ```  For a hypergeometric distribution: - n = population size - m = number of successes in population   - k = sample size  The lower bound should be the maximum of: 1. 0 (can't have negative successes) 2. k + m - n (when the sample size plus successes exceeds population, we're forced to get some successes)  However, the code has `m + (n - k)` which equals `m + n - k`. This is incorrect.  Let me verify with an example: - Population size n = 10 - Successes in population m = 8   - Sample size k = 5  The correct lower bound should be max(0, 5 + 8 - 10) = max(0, 3) = 3 But the buggy code gives: max(0, 8 + (10 - 5)) = max(0, 8 + 5) = max(0, 13) = 13  This is clearly wrong since we can't get 13 successes when we only sample 5 items.  VERDICT: BUG LINE: 124 REASON: The lower domain calculation uses `m + (n - k)` instead of the correct formula `k + m - n`, which gives an incorrect lower bound for the hypergeometric distribution."
Math,2,java,Defects4J,4,BUG,BUG,True,131,268,152,other,"Looking at this hypergeometric distribution implementation, I need to examine the logic for calculating the lower bound of the domain.  In the `getLowerDomain` method on line 131, the calculation is: ```java return FastMath.max(0, m + (n - k)); ```  Where: - `n` = population size - `m` = number of successes in population   - `k` = sample size  For a hypergeometric distribution, the minimum number of successes we can draw occurs when we try to avoid successes as much as possible. If we have `k` samples to draw from a population of size `n` with `m` successes, the minimum occurs when we draw all `(n-m)` failures first, and then are forced to draw successes for the remaining samples.  So the correct formula should be: `max(0, k - (n - m))` which simplifies to `max(0, k + m - n)`.  However, the code has `max(0, m + (n - k))` which is equivalent to `max(0, m + n - k)`. This is the same as the correct formula, just written differently.  Let me double-check by looking at the `getSupportLowerBound()` method on lines 308-310, which should implement the same logic: ```java return FastMath.max(0, getSampleSize() + getNumberOfSuccesses() - getPopulationSize()); ```  This translates to `max(0, k + m - n)`, which matches what `getLowerDomain` computes: `max(0, m + n - k)`.  Wait, these are different! The `getLowerDomain` method has the wrong formula.  VERDICT: BUG LINE: 131   REASON: The lower domain calculation uses `m + (n - k)` instead of the correct formula `k + m - n` for the minimum number of successes in a hypergeometric distribution."
Math,2,java,Defects4J,5,BUG,BUG,True,197,268,,other,"VERDICT: BUG LINE: 197 REASON: The parameter `dx` is documented to indicate direction with values 1 or -1, but the code uses 0 in the documentation comment instead of -1 for the reverse direction."
Chart,1,java,Defects4J,1,NO BUG,BUG,False,608,1797,,other,"VERDICT: BUG LINE: 608 REASON: The method uses bitwise AND operation (&) instead of logical OR (||) to combine boolean values, which causes `removeAnnotation` to return true only when the annotation exists in both lists rather than either list."
Chart,1,java,Defects4J,2,BUG,BUG,True,1652,1797,,other,"VERDICT: BUG LINE: 1652 REASON: The method returns an empty result collection when the dataset is not null, instead of returning when the dataset is null, which prevents any legend items from being added to the collection."
Chart,1,java,Defects4J,3,BUG,BUG,True,676,1797,829,other,VERDICT: BUG LINE: 676 REASON: The loop condition `row <= this.rowCount` should be `row < this.rowCount` because array indices are zero-based and this causes an ArrayIndexOutOfBoundsException when accessing the last element.
Chart,1,java,Defects4J,4,BUG,BUG,True,1089,1797,829,other,VERDICT: BUG LINE: 1089 REASON: The for loop condition `row <= this.rowCount` should be `row < this.rowCount` because array indices are zero-based and this will cause an ArrayIndexOutOfBoundsException when accessing the last element.
Chart,1,java,Defects4J,5,BUG,BUG,True,306,1797,,other,"Looking at this code carefully, I need to identify if there's a bug in the provided snippet.  The code shows part of the AbstractCategoryItemRenderer class from JFreeChart. I can see the class declaration, imports, field declarations, constructor, and the beginning of some methods.  Looking at the last method shown:  ```java public CategoryItemLabelGenerator getItemLabelGenerator(int row,         int column, boolean selected) {     CategoryItemLabelGenerator ```  This method declaration is incomplete - it declares a `CategoryItemLabelGenerator` variable but doesn't complete the implementation. The method body is cut off and doesn't return anything, which would cause a compilation error since the method signature indicates it should return a `CategoryItemLabelGenerator` object.  VERDICT: BUG LINE: 306 REASON: The getItemLabelGenerator method is incomplete and missing its implementation body, which would cause a compilation error."
pandas,1,python,BugsInPy,1,NO BUG,BUG,False,91,599,,other,"Looking at this code, I need to identify a bug from the BugsInPy benchmark. Let me carefully examine the functions and their logic.  The most suspicious area I can see is in the `ensure_int_or_float` function around lines 96-125. Let me examine it closely:  ```python def ensure_int_or_float(arr: ArrayLike, copy: bool = False) -> np.array:     # ... docstring ...     try:         return arr.astype(""int64"", copy=copy, casting=""safe"")  # type: ignore     except TypeError:         pass     try:         return arr.astype(""uint64"", copy=copy, casting=""safe"")  # type: ignore     except TypeError:         if is_extension_array_dtype(arr.dtype):             return arr.to_numpy(dtype=""float64"", na_value=np.nan)         return arr.astype(""float64"", copy=copy) ```  The issue is in the return type annotation. The function is annotated to return `np.array`, but `np.array` is a function, not a type. The correct type annotation should be `np.ndarray` (the actual array type that numpy arrays have).  VERDICT: BUG LINE: 91 REASON: The return type annotation `np.array` is incorrect as `np.array` is a function, not a type - it should be `np.ndarray`."
pandas,1,python,BugsInPy,2,BUG,NO BUG,False,,599,,none,"Looking at this pandas dtype utilities code, I need to examine it carefully for bugs. Let me trace through the key functions and logic.  The code contains various dtype checking functions. Let me focus on areas that commonly have bugs:  1. The `ensure_int_or_float` function on line 96 has a return type annotation of `np.array` but should be `np.ndarray` (though this is more of a type hint issue than a runtime bug).  2. Looking at the `is_string_dtype` function starting around line 516, there's a nested function definition issue. The function defines `is_excluded_dtype` on line 534, but this nested function calls `is_excluded_checks` on line 539 which references `(is_period_dtype, is_interval_dtype)` - but then tries to call `is_excluded(dtype)` on line 540 when the variable should be `is_excluded_check` (each element from the tuple).  Wait, let me look more carefully at lines 539-540:  ```python is_excluded_checks = (is_period_dtype, is_interval_dtype) return any(is_excluded(dtype) for is_excluded in is_excluded_checks) ```  The variable in the generator expression is `is_excluded` but it should match the iteration variable name. The tuple contains functions `is_period_dtype` and `is_interval_dtype`, so the iteration variable should be something like `is_excluded_check` and then called as `is_excluded_check(dtype)`.  Actually, looking more carefully, this appears to be correct - `is_excluded` is the loop variable that takes on each function from the tuple, so `is_excluded(dtype)` should work.  Let me continue scanning...   Looking at the `_is_dtype_type` function around line 1205, I notice the logic flow and error handling.  Actually, let me look at the `is_bool_dtype` function more carefully around line 1010. There's a specific issue here:  ```python elif is_extension_array_dtype(arr_or_dtype):     dtype = getattr(arr_or_dtype, ""dtype"", arr_or_dtype)     return dtype._is_boolean ```  This code assumes that extension"
pandas,1,python,BugsInPy,3,BUG,BUG,True,94,599,164,other,"Looking at this code, I need to identify a bug in the BugsInPy benchmark. Let me examine the code carefully.  I notice an issue in the `ensure_int_or_float` function on line 94. The function has a return type annotation of `np.array`, but this is incorrect. The proper type annotation should be `np.ndarray` since `np.array` is a function, not a type.  Let me verify this by looking at the function:  ```python def ensure_int_or_float(arr: ArrayLike, copy: bool = False) -> np.array: ```  The function is annotated to return `np.array`, but `np.array` is the constructor function for creating numpy arrays, not the actual array type. The correct type annotation should be `np.ndarray` which represents the numpy array type.  VERDICT: BUG LINE: 94 REASON: The return type annotation `np.array` is incorrect and should be `np.ndarray` since `np.array` is a function, not a type."
pandas,1,python,BugsInPy,4,BUG,BUG,True,99,599,164,other,"Looking at this code, I need to analyze the functions for potential bugs. Let me examine the key functions systematically.  I notice an issue in the `ensure_int_or_float` function on line 99. The function signature declares it returns `np.array`, but `np.array` is a function, not a type. The correct return type annotation should be `np.ndarray` (which represents the actual array type) or `ArrayLike`.  Let me verify this is indeed a bug by checking the function:  ```python def ensure_int_or_float(arr: ArrayLike, copy: bool = False) -> np.array: ```  The return type annotation `-> np.array` is incorrect because: 1. `np.array` is a function used to create arrays 2. The actual return type should be `np.ndarray` (the array object type) 3. The function actually returns array objects, not the array constructor function  This is a type annotation bug that would cause issues with type checkers and IDE support.  VERDICT: BUG LINE: 99 REASON: The return type annotation `-> np.array` should be `-> np.ndarray` since `np.array` is a function, not a type."
pandas,1,python,BugsInPy,5,BUG,BUG,True,306,599,,other,"Looking at this code, I need to examine it for potential bugs. The code appears to be cut off at the end, but I can see most of the functions.  Let me analyze the functions systematically:  1. `ensure_float()` - looks correct 2. `ensure_str()` - looks correct 3. `ensure_int_or_float()` - return type annotation says `np.array` but should be `np.ndarray` 4. `ensure_python_int()` - looks correct 5. Various dtype checking functions - most look correct  However, I notice a significant issue in the `is_datetime64tz_dtype()` function on line 306:  ```python if isinstance(arr_or_dtype, ExtensionDtype):     # GH#33400 fastpath for dtype object     return arr_or_dtype.kind == ""M"" ```  This is checking if an `ExtensionDtype` has `kind == ""M""`, but `ExtensionDtype` objects don't have a `kind` attribute like numpy dtypes do. The `kind` attribute is specific to numpy dtypes. This would cause an `AttributeError` when an `ExtensionDtype` is passed to this function.  VERDICT: BUG LINE: 306 REASON: The code tries to access the `kind` attribute on an `ExtensionDtype` object, but `ExtensionDtype` objects don't have a `kind` attribute like numpy dtypes do."
pandas,2,python,BugsInPy,1,NO BUG,NO BUG,True,,2016,,none,"Looking at this code, I need to identify a bug in the pandas indexing module. Let me examine the code carefully.  The code appears to be the main indexing implementation for pandas, containing classes like `_LocIndexer`, `_iLocIndexer`, etc. I need to look for logical errors, incorrect conditions, or other issues.  Looking through the code, I notice an issue in the `_validate_read_indexer` method of the `_LocIndexer` class. Let me examine this method more carefully:  ```python def _validate_read_indexer(     self, key, indexer, axis: int, raise_missing: bool = False ):     """"""     Check that indexer can be used to return a result.     ...     """"""     ax = self.obj._get_axis(axis)      if len(key) == 0:         return      # Count missing values:     missing = (indexer < 0).sum()      if missing:         if missing == len(indexer):             axis_name = self.obj._get_axis_name(axis)             raise KeyError(f""None of [{key}] are in the [{axis_name}]"")          # We (temporarily) allow for some missing keys with .loc, except in         # some cases (e.g. setting) in which ""raise_missing"" will be False         if raise_missing:             not_found = list(set(key) - set(ax))             raise KeyError(f""{not_found} not in index"")          # we skip the warning on Categorical         # as this check is actually done (check for         # non-missing values), but a bit later in the         # code, so we want to avoid warning & then         # just raising         if not ax.is_categorical():             raise KeyError(                 ""Passing list-likes to .loc or [] with any missing labels ""                 ""is no longer supported, see ""                 ""https://pandas.pydata.org/pandas-docs/stable/user_guide/indexing.html#deprecate-loc-reindex-listlike""  # noqa:E501             ) ```  The bug is in the logic"
pandas,2,python,BugsInPy,2,BUG,NO BUG,False,,2016,,none,"Looking at this code, I need to identify the bug. Let me examine the key methods and their logic.  The code is from pandas indexing functionality. I'll look for logical errors, incorrect conditions, or missing checks.  Looking at the `_validate_read_indexer` method in the `_LocIndexer` class (around line 1046), I can see there's a logic issue:  ```python def _validate_read_indexer(     self, key, indexer, axis: int, raise_missing: bool = False ):     # ... code ...     if missing:         if missing == len(indexer):             axis_name = self.obj._get_axis_name(axis)             raise KeyError(f""None of [{key}] are in the [{axis_name}]"")          # We (temporarily) allow for some missing keys with .loc, except in         # some cases (e.g. setting) in which ""raise_missing"" will be False         if raise_missing:             not_found = list(set(key) - set(ax))             raise KeyError(f""{not_found} not in index"")          # we skip the warning on Categorical         # as this check is actually done (check for         # non-missing values), but a bit later in the         # code, so we want to avoid warning & then         # just raising         if not ax.is_categorical():             raise KeyError(                 ""Passing list-likes to .loc or [] with any missing labels ""                 ""is no longer supported, see ""                 ""https://pandas.pydata.org/pandas-docs/stable/user_guide/indexing.html#deprecate-loc-reindex-listlike""  # noqa:E501             ) ```  The bug is in the comment and logic around line 1076. The comment says ""We (temporarily) allow for some missing keys with .loc, except in some cases (e.g. setting) in which 'raise_missing' will be False"" - but the logic is backwards. The code raises an error when `raise_missing` is `True`, but the comment suggests it should raise when `raise_missing` is `False`.  However, looking more carefully"
pandas,2,python,BugsInPy,3,BUG,BUG,True,1346,2016,788,other,"VERDICT: BUG LINE: 1346 REASON: The line `new_key = tup[:i] - (_NS,) + tup[i + 1 :]` uses subtraction (-) instead of concatenation (+) when constructing a new tuple from slices."
pandas,2,python,BugsInPy,4,BUG,BUG,True,653,2016,788,other,"Looking at this code, I need to identify a potential bug in the pandas indexing functionality.  Let me examine the code carefully, particularly focusing on areas that could contain logical errors or incorrect operations.  In the `_getitem_lowerdim` method around line 653, I notice this line:  ```python new_key = tup[:i] - (_NS,) + tup[i + 1 :] ```  This line is attempting to create a new tuple by combining parts of the original tuple `tup`. However, the operation `tup[:i] - (_NS,)` is problematic because:  1. `tup[:i]` returns a tuple slice 2. `(_NS,)` creates a tuple containing the null slice `_NS` 3. The `-` operator is not defined for tuple subtraction in Python  This should be tuple concatenation using `+` instead of subtraction using `-`.  VERDICT: BUG LINE: 653 REASON: The code uses tuple subtraction (`-`) instead of tuple concatenation (`+`) when creating new_key, which is invalid since Python tuples don't support the subtraction operator."
black,1,python,BugsInPy,1,NO BUG,BUG,False,1146,618,,other,"VERDICT: BUG LINE: 1146 REASON: The line uses `re.subf` which is not a valid Python function, it should be `re.sub`."
black,1,python,BugsInPy,2,BUG,BUG,True,1697,618,,other,VERDICT: BUG LINE: 1697 REASON: The method call `re.subf` should be `re.sub` - there is no `subf` method in the `re` module.
black,1,python,BugsInPy,3,BUG,BUG,True,1038,618,3632,other,VERDICT: BUG LINE: 1038 REASON: The comparison `write_back == write_back.COLOR_DIFF` should be `write_back == WriteBack.COLOR_DIFF` as it's incorrectly comparing the variable to itself instead of the enum value.
black,1,python,BugsInPy,4,BUG,BUG,True,797,618,3624,other,"Looking at this code, I need to examine it carefully for bugs. This appears to be from the Black code formatter, and I'm looking for a specific bug in the BugsInPy benchmark.  Let me scan through the code systematically, paying attention to common bug patterns...  I found a bug in line 797! In the `format_file_in_place` function, there's an incorrect comparison:  ```python if write_back == write_back.COLOR_DIFF: ```  This is comparing a variable to an attribute of itself, which will always be False. It should be comparing to the enum value `WriteBack.COLOR_DIFF`.  VERDICT: BUG LINE: 797 REASON: The comparison `write_back == write_back.COLOR_DIFF` should be `write_back == WriteBack.COLOR_DIFF` - it's incorrectly comparing a variable to an attribute of itself rather than to the enum constant."
black,1,python,BugsInPy,5,BUG,BUG,True,473,618,,other,"Looking at this code, I need to examine it for bugs. The code appears to be cut off at the end, but I can see most of the implementation.  Scanning through the code, I notice an issue in the `read_pyproject_toml` function around line 273. The function tries to access `ctx.params.get(""src"", ())` but at this point in the click callback chain, the ""src"" parameter may not have been processed yet since it appears later in the command definition.  However, looking more carefully at the click decorators and the parameter order, I can see that the `--config` option has `is_eager=True`, which means it gets processed before other parameters. But the `src` argument also has `is_eager=True`. The issue is that when `find_pyproject_toml` is called with `ctx.params.get(""src"", ())`, if ""src"" hasn't been processed yet, it will return an empty tuple, which could cause the function to not find the pyproject.toml file when it should.  But actually, looking at the function signature at the very end, I can see the code is truncated at line 473 with `skip_string_normalization:` - this is clearly incomplete as the parameter declaration is cut off without a type annotation.  VERDICT: BUG LINE: 473 REASON: The parameter `skip_string_normalization` is missing its type annotation, making this syntactically invalid Python code."
black,2,python,BugsInPy,1,NO BUG,BUG,False,454,3116,,other,"Looking at this code, I need to identify the bug. Let me carefully examine the code structure and logic.  The code appears to be from the Black Python code formatter. I'll look for logical errors, incorrect conditions, or improper handling.  Looking at the `path_empty` function on lines 448-456:  ```python def path_empty(     src: Tuple[str, ...], quiet: bool, verbose: bool, ctx: click.Context ) -> None:     """"""     Exit if there is no `src` provided for formatting     """"""     if not src:         if verbose or not quiet:             out(""No Path provided. Nothing to do 😴"")             ctx.exit(0) ```  This function has a bug in its logic. The issue is that when `src` is empty (no source files provided), the function should always exit, but currently it only exits when the condition `verbose or not quiet` is true.  If both `verbose=False` and `quiet=True`, then `verbose or not quiet` evaluates to `False or False = False`, and the function will not exit even though no source files were provided. This means the program would continue execution with an empty source list, which could lead to unexpected behavior.  The function should exit regardless of the verbose/quiet settings when no source is provided. The message output should be conditional, but the exit should be unconditional.  VERDICT: BUG LINE: 454 REASON: The function only exits when `verbose or not quiet` is true, but should always exit when no source files are provided, regardless of verbose/quiet settings."
black,2,python,BugsInPy,2,BUG,BUG,True,670,3116,,other,"Looking at this code, I need to identify a bug in the BugsInPy benchmark. Let me carefully examine the code for potential issues.  The code appears to be from the Black code formatter. I'll scan through for common bug patterns and logical errors.  Looking at the `path_empty` function around lines 663-670:  ```python def path_empty(     src: Tuple[str, ...], quiet: bool, verbose: bool, ctx: click.Context ) -> None:     """"""     Exit if there is no `src` provided for formatting     """"""     if not src:         if verbose or not quiet:             out(""No Path provided. Nothing to do 😴"")             ctx.exit(0) ```  This function has a bug. When `src` is empty, it only calls `ctx.exit(0)` when `verbose or not quiet` is True. However, according to the docstring and the function's purpose, it should exit regardless of the verbose/quiet flags when no source is provided.  The bug is that if both `verbose=False` and `quiet=True`, the function will not exit even when no source paths are provided, which means the program will continue execution when it should have stopped.  VERDICT: BUG LINE: 670 REASON: The function only exits when no source is provided if verbose=True or quiet=False, but should exit unconditionally when src is empty."
black,2,python,BugsInPy,3,BUG,BUG,True,457,3116,3474,other,"VERDICT: BUG LINE: 457 REASON: The function `path_empty` exits with status code 0 when no source paths are provided, but it should exit without returning anything since the main function continues executing after this call and will attempt to process the empty sources."
black,2,python,BugsInPy,4,BUG,BUG,True,576,3116,3443,other,"VERDICT: BUG LINE: 576 REASON: The `path_empty` function calls `ctx.exit(0)` when there is no source provided, but this function is called after already checking the sources and performing operations, making it unreachable dead code that should have been called earlier in the main function logic."
black,2,python,BugsInPy,5,BUG,BUG,True,467,3116,,other,"Looking at this code, I need to examine it carefully for bugs. This appears to be part of the Black code formatter.  Let me scan through the code systematically:  1. The imports look correct 2. The constants and type definitions appear fine 3. The enums and their methods look proper 4. The `FEATURES_BY_VERSION` dictionary mapping looks consistent 5. The `Mode` dataclass and its methods appear correct 6. The configuration parsing functions look fine 7. The click command definition and options look properly structured  However, I notice an issue at the very end of the code. On the last line (line 467), there's:  ```python project_root = find_project_root( ```  This line is incomplete - it's calling `find_project_root()` but the function call is not complete. There's no closing parenthesis, no arguments provided, and no completion of this statement. This would cause a syntax error.  VERDICT: BUG LINE: 467 REASON: The function call `find_project_root(` is incomplete and missing closing parenthesis and arguments, causing a syntax error."
thefuck,2,python,BugsInPy,1,NO BUG,BUG,False,81,118,,other,"Looking at this code, I need to examine it for potential bugs, particularly focusing on error handling, type issues, and logical problems.  Let me trace through the code systematically:  1. The imports and initial setup look fine 2. The `memoize` decorator looks correct 3. The `which` function has proper fallback handling 4. The `default_settings` function looks fine 5. The `get_closest` function has a potential issue...  In the `get_closest` function on lines 75-81, there's a try-except block that catches `IndexError` when no close matches are found. However, if `fallback_to_first=True` (which is the default), it tries to return `possibilities[0]` without checking if `possibilities` is empty. This would raise an `IndexError` that isn't caught.  Looking at line 80-81: ```python if fallback_to_first:     return possibilities[0]  # This can raise IndexError if possibilities is empty ```  The function converts `possibilities` to a list on line 76, but never checks if it's empty before trying to access `possibilities[0]`.  VERDICT: BUG LINE: 81 REASON: The function attempts to return `possibilities[0]` without checking if the possibilities list is empty, which would raise an uncaught IndexError."
thefuck,2,python,BugsInPy,2,BUG,BUG,True,162,118,,other,"VERDICT: BUG LINE: 162 REASON: The `shelve_open_error` is a single exception class but it's being concatenated with a tuple using `+`, which should be `(shelve_open_error,) + (ImportError,)` to properly handle multiple exception types."
thefuck,2,python,BugsInPy,3,BUG,BUG,True,118,118,128,original,VERDICT: BUG LINE: 118 REASON: The function attempts to perform set subtraction (`bins - aliases`) on lists instead of converting them to sets first.
thefuck,2,python,BugsInPy,4,BUG,BUG,True,107,118,128,other,"VERDICT: BUG LINE: 107 REASON: The code performs set subtraction `bins - aliases` but `bins` is a list, not a set, which will cause a TypeError since lists don't support the subtraction operator."
